alpha_deg,property,decimal_value,worst_case_coefficient_rounding_bound,sum_absolute_terms
0,drag_area,0.094965000000000,0.0005130000000000,0.282690000000000
0,lift_area,0.126452500000000,0.0007143750000000,0.550377500000000
0,moment_volume,0.09049250000000,0.000978750000000,0.44399250000000
0.1,drag_area,0.0950883704519150000,0.00051947299718437500,0.2867518541632400000
0.1,lift_area,0.1279442598104960000,0.00073753592088487500,0.5623111331975710000
0.1,moment_volume,0.090495012145485500,0.0010043803980855000,0.459977222977949500
0.2,drag_area,0.0952282016806400000,0.00052606822995000000,0.2908740325818400000
0.2,lift_area,0.1294541656579360000,0.00076089586915800000,0.5744085679311360000
0.2,moment_volume,0.090490545107768000,0.0010305141889680000,0.476181413427192000
0.3,drag_area,0.0953844111426150000,0.00053278756568437500,0.2950574245199400000
0.3,lift_area,0.1309820325576760000,0.00078445812792487500,0.5866709849507510000
0.3,moment_volume,0.090479153549325500,0.0010571552772255000,0.492606667228909500
0.4,drag_area,0.0955569164902400000,0.00053963287920000000,0.2993029230694400000
0.4,lift_area,0.1325276760469760000,0.00080822598652800000,0.5990995690581760000
0.4,moment_volume,0.090460891964288000,0.0010843075802880000,0.509254585075072000
0.5,drag_area,0.0957456355718750000,0.00054660605273437500,0.3036114251500000000
0.5,lift_area,0.1340909121850000000,0.00083220274054687500,0.6116955091068750000
0.5,moment_volume,0.090435814678437500,0.0011119750284375000,0.526126772468437500
0.6,drag_area,0.0959504864318400000,0.00055370897595000000,0.3079838315090400000
0.6,lift_area,0.1356715575528160000,0.00085639169179800000,0.6244599980020160000
0.6,moment_volume,0.090403975849208000,0.0011401615648080000,0.543224839722552000
0.7,drag_area,0.0961713873104150000,0.00056094354593437500,0.3124210467217400000
0.7,lift_area,0.1372694292533960000,0.00088079614833487500,0.6373942327004710000
0.7,moment_volume,0.090365429465685500,0.0011688711453855000,0.560550401961749500
0.8,drag_area,0.0964082566438400000,0.00056831166720000000,0.3169239791910400000
0.8,lift_area,0.1388843449116160000,0.00090541942444800000,0.6504994142108160000
0.8,moment_volume,0.090320229348608000,0.0011981077390080000,0.578105079121152000
0.9,drag_area,0.0966610130643150000,0.00057581525168437500,0.3214935411476400000
0.9,lift_area,0.1405161226742560000,0.00093026484066487500,0.6637767475933310000
0.9,moment_volume,0.090268429150365500,0.0012278753273655000,0.595890495946669500
1,drag_area,0.096929575400000,0.0005834562187500,0.326130648650000
1,lift_area,0.142164581210000,0.0009553357237500,0.677227441960000
1,moment_volume,0.09021008235500,0.001258177905000,0.61390828199500
1.1,drag_area,0.0972138626750150000,0.00059123649518437500,0.3308362215843400000
1.1,lift_area,0.1438295397094360000,0.00098063540670487500,0.6908527104745110000
1.1,moment_volume,0.090145242278205500,0.0012890194793055000,0.632160071633629500
1.2,drag_area,0.0975137941094400000,0.00059915801520000000,0.3356111836646400000
1.2,lift_area,0.1455108178850560000,0.00100616722876800000,0.7046537703522560000
1.2,moment_volume,0.090073962067328000,0.0013204040705280000,0.650647504040832000
1.3,drag_area,0.0978292891193150000,0.00060722272043437500,0.3404564624326400000
1.3,lift_area,0.1472082359712560000,0.00103193453541487500,0.7186318428603310000
1.3,moment_volume,0.089996294701365500,0.0013523357117655000,0.669372223205669500
1.4,drag_area,0.0981602673166400000,0.00061543255995000000,0.3453729892578400000
1.4,lift_area,0.1489216147243360000,0.00105794067835800000,0.7327881533175360000
1.4,moment_volume,0.089912292990968000,0.0013848184489680000,0.688335877927992000
1.5,drag_area,0.0985066485093750000,0.00062378949023437500,0.3503616993375000000
1.5,lift_area,0.1506507754225000000,0.00108418901554687500,0.7471239310943750000
1.5,moment_volume,0.089822009578437500,0.0014178563409375000,0.707540121818437500
1.6,drag_area,0.0988683527014400000,0.00063229547520000000,0.3554235316966400000
1.6,lift_area,0.1523955398658560000,0.00111068291116800000,0.7616404096130560000
1.6,moment_volume,0.089725496937728000,0.0014514534593280000,0.726986613298432000
1.7,drag_area,0.0992453000927150000,0.00064095248618437500,0.3605594291880400000
1.7,lift_area,0.1541557303764160000,0.00113742573564487500,0.7763388263474910000
1.7,moment_volume,0.089622807374445500,0.0014856138886455000,0.746677015600189500
1.8,drag_area,0.0996374110790400000,0.00064976250195000000,0.3657703384922400000
1.8,lift_area,0.1559311697980960000,0.00116442086563800000,0.7912204228232960000
1.8,moment_volume,0.089513993025848000,0.0015203417262480000,0.766612996766712000
1.9,drag_area,0.1000446062522150000,0.00065872750868437500,0.3710572101175400000
1.9,lift_area,0.1577216814967160000,0.00119167168404487500,0.8062864446177910000
1.9,moment_volume,0.089399105860845500,0.0015556410823455000,0.786796229651789500
2,drag_area,0.100466806400000,0.0006678495000000,0.376420998400000
2,lift_area,0.159527089360000,0.0012191815800000,0.821538141360000
2,moment_volume,0.08927819768000,0.001591516080000,0.80722839192000
2.1,drag_area,0.1009039325061150000,0.00067713047693437500,0.3818626615034400000
2.1,lift_area,0.1613472177975760000,0.00124695394887487500,0.8369767667306510000
2.1,moment_volume,0.089151320115525500,0.0016279708551255000,0.827911166046709500
2.2,drag_area,0.1013559057502400000,0.00068657244795000000,0.3873831614194400000
2.2,lift_area,0.1631818917409760000,0.00127499219227800000,0.8526035784621760000
2.2,moment_volume,0.089018524631288000,0.0016650095564880000,0.848846239318072000
2.3,drag_area,0.1018226475080150000,0.00069617742893437500,0.3929834639673400000
2.3,lift_area,0.1650309366436360000,0.00130329971805487500,0.8684198383387110000
2.3,moment_volume,0.088879862522805500,0.0017026363457055000,0.870035303831029500
2.4,drag_area,0.1023040793510400000,0.00070594744320000000,0.3986645387942400000
2.4,lift_area,0.1668941784808960000,0.00133187994028800000,0.8844268121960960000
2.4,moment_volume,0.088735384917248000,0.0017408553972480000,0.891480056493312000
2.5,drag_area,0.1028001230468750000,0.00071588452148437500,0.4044273593750000000
2.5,lift_area,0.1687714437500000000,0.00136073627929687500,0.9006257699218750000
2.5,moment_volume,0.088585142773437500,0.0017796708984375000,0.913182199023437500
2.6,drag_area,0.1033107005590400000,0.00072599070195000000,0.4102729030122400000
2.6,lift_area,0.1706625594700960000,0.00138987216163800000,0.9170179854552960000
2.6,moment_volume,0.088429186881848000,0.0018190870494480000,0.935143437950712000
2.7,drag_area,0.1038357340470150000,0.00073626803018437500,0.4162021508363400000
2.7,lift_area,0.1725673531822360000,0.00141929102010487500,0.9336047367873110000
2.7,moment_volume,0.088267567864605500,0.0018591080633055000,0.957365484615229500
2.8,drag_area,0.1043751458662400000,0.00074671855920000000,0.4222160878054400000
2.8,lift_area,0.1744856529493760000,0.00144899629372800000,0.9503873059605760000
2.8,moment_volume,0.088100336175488000,0.0018997381658880000,0.979850055167872000
2.9,drag_area,0.1049288585681150000,0.00075734434943437500,0.4283157027054400000
2.9,lift_area,0.1764172873563760000,0.00147899142777487500,0.9673669790694510000
2.9,moment_volume,0.087927542099925500,0.0019409815959255000,1.002598870570309500
3,drag_area,0.105496794900000,0.0007681474687500,0.434501988150000
3,lift_area,0.178362085510000,0.0015092798737500,0.984545046260000
3,moment_volume,0.08774923575500,0.001982842605000,1.02561365659500
3.1,drag_area,0.1060788778052150000,0.00077912999243437500,0.4407759405805400000
3.1,lift_area,0.1803198770389160000,0.00153986508939487500,1.0019228017299910000
3.1,moment_volume,0.087565467089445500,0.0020253254575455000,1.048896143825189500
3.2,drag_area,0.1066750304230400000,0.00079029400320000000,0.4471385602662400000
3.2,lift_area,0.1822904920936960000,0.00157075053868800000,1.0195015437288960000
3.2,moment_volume,0.087376285883648000,0.0020684344308480000,1.072448067654912000
3.3,drag_area,0.1072851760887150000,0.00080164159118437500,0.4535908513040400000
3.3,lift_area,0.1842737613468160000,0.00160193969184487500,1.0372825745578910000
3.3,moment_volume,0.087181741749645500,0.0021121738150455000,1.096271168288989500
3.4,drag_area,0.1079092383334400000,0.00081317485395000000,0.4601338216186400000
3.4,lift_area,0.1862695159926560000,0.00163343602531800000,1.0552672005698560000
3.4,moment_volume,0.086981884131128000,0.0021565479131280000,1.120367190743032000
3.5,drag_area,0.1085471408843750000,0.00082489589648437500,0.4667684829625000000
3.5,lift_area,0.1882775877475000000,0.00166524302179687500,1.0734567321693750000
3.5,moment_volume,0.086776762303437500,0.0022015610409375000,1.144737884843437500
3.6,drag_area,0.1091988076646400000,0.00083680683120000000,0.4734958509158400000
3.6,lift_area,0.1902978088495360000,0.00169736417020800000,1.0918524838127360000
3.6,moment_volume,0.086566425373568000,0.0022472175271680000,1.169385005227392000
3.7,drag_area,0.1098641627933150000,0.00084890977793437500,0.4803169448866400000
3.7,lift_area,0.1923300120588560000,0.00172980296571487500,1.1104557740079310000
3.7,moment_volume,0.086350922280165500,0.0022935217133655000,1.194310311342869500
3.8,drag_area,0.1105431305854400000,0.00086120686395000000,0.4872327881106400000
3.8,lift_area,0.1943740306574560000,0.00176256290971800000,1.1292679253146560000
3.8,moment_volume,0.086130301793528000,0.0023404779539280000,1.219515567448632000
3.9,drag_area,0.1112356355520150000,0.00087370022393437500,0.4942444076513400000
3.9,lift_area,0.1964296984492360000,0.00179564750985487500,1.1482902643443110000
3.9,moment_volume,0.085904612515605500,0.0023880906161055000,1.245002542614229500
4,drag_area,0.111941602400000,0.0008863920000000,0.501352834400000
4,lift_area,0.198496849760000,0.0018290602800000,1.167524121760000
4,moment_volume,0.08567390288000,0.002436364080000,1.27077301072000
4.1,drag_area,0.1126609560323150000,0.00089928434168437500,0.5085591030756400000
4.1,lift_area,0.2005753194374560000,0.00186280474026487500,1.1869708322765310000
4.1,moment_volume,0.085438221151965500,0.0024853027385655000,1.296828750457069500
4.2,drag_area,0.1133936215478400000,0.00091237940595000000,0.5158642522250400000
4.2,lift_area,0.2026649428512160000,0.00189688441699800000,1.2066317346604160000
4.2,moment_volume,0.085197615428408000,0.0025349109976080000,1.323171545327352000
4.3,drag_area,0.1141395242414150000,0.00092567935718437500,0.5232693242227400000
4.3,lift_area,0.2047655558927960000,0.00193130284278487500,1.2265081717298710000
4.3,moment_volume,0.084952133637885500,0.0025851932757855000,1.349803183643549500
4.4,drag_area,0.1148985896038400000,0.00093918636720000000,0.5307753652710400000
4.4,lift_area,0.2068769949756160000,0.00196606355644800000,1.2466014903548160000
4.4,moment_volume,0.084701823540608000,0.0026361540046080000,1.376725458529152000
4.5,drag_area,0.1156707433218750000,0.00095290261523437500,0.5383834254000000000
4.5,lift_area,0.2089990970350000000,0.00200117010304687500,1.2669130414568750000
4.5,moment_volume,0.084446732728437500,0.0026877976284375000,1.403940167918437500
4.6,drag_area,0.1164559112782400000,0.00096683028795000000,0.5460945584674400000
4.6,lift_area,0.2111316995281760000,0.00203662603387800000,1.2874441800093760000
4.6,moment_volume,0.084186908624888000,0.0027401286044880000,1.431449114556472000
4.7,drag_area,0.1172540195516150000,0.00098097157943437500,0.5539098221589400000
4.7,lift_area,0.2132746404342760000,0.00207243490647487500,1.3081962650373510000
4.7,moment_volume,0.083922398485125500,0.0027931514028255000,1.459254105999109500
4.8,drag_area,0.1180649944166400000,0.00099532869120000000,0.5618302779878400000
4.8,lift_area,0.2154277582543360000,0.00210860028460800000,1.3291706596175360000
4.8,moment_volume,0.083653249395968000,0.0028468705063680000,1.487356954612992000
4.9,drag_area,0.1188887623439150000,0.00100990383218437500,0.5698569912952400000
4.9,lift_area,0.2175908920112960000,0.00214512573828487500,1.3503687308783710000
4.9,moment_volume,0.083379508275885500,0.0029012904108855000,1.515759477575549500
5,drag_area,0.119725250000000,0.0010246992187500,0.577991031250000
5,lift_area,0.219763881250000,0.0021820148437500,1.371791850000000
5,moment_volume,0.08310122187500,0.002956415625000,1.54446349687500
5.1,drag_area,0.1205743842474150000,0.00103971707468437500,0.5862334708487400000
5.1,lift_area,0.2219465660371960000,0.00221927118348487500,1.3934413922142710000
5.1,moment_volume,0.082818436775085500,0.0030122506701855000,1.573470839310349500
5.2,drag_area,0.1214360921446400000,0.00105495963120000000,0.5945853869158400000
5.2,lift_area,0.2241387869615360000,0.00225689834620800000,1.4153187368047360000
5.2,moment_volume,0.082531199389568000,0.0030688000807680000,1.602783336491392000
5.3,drag_area,0.1223103009461150000,0.00107042912693437500,0.6030478601034400000
5.3,lift_area,0.2263403851335760000,0.00229489992687487500,1.4374252671066510000
5.3,moment_volume,0.082239555963525500,0.0031260684039255000,1.632402824838709500
5.4,drag_area,0.1231969381022400000,0.00108612780795000000,0.6116219748914400000
5.4,lift_area,0.2285512021857760000,0.00233327952667800000,1.4597623705069760000
5.4,moment_volume,0.081943552573688000,0.0031840601996880000,1.662331145583672000
5.5,drag_area,0.1240959312593750000,0.00110205792773437500,0.6203088195875000000
5.5,lift_area,0.2307710802725000000,0.00237204075304687500,1.4823314384443750000
5.5,moment_volume,0.081643235128437500,0.0032427800409375000,1.692570144768437500
5.6,drag_area,0.1250072082598400000,0.00111822174720000000,0.6291094863270400000
5.6,lift_area,0.2329998620700160000,0.00241118721964800000,1.5051338664092160000
5.6,moment_volume,0.081338649367808000,0.0033022325134080000,1.723121673245952000
5.7,drag_area,0.1259306971419150000,0.00113462153468437500,0.6380250710732400000
5.7,lift_area,0.2352373907764960000,0.00245072254638487500,1.5281710539435710000
5.7,moment_volume,0.081029840863485500,0.0033624222156855000,1.753987586679949500
5.8,drag_area,0.1268663261398400000,0.00115125956595000000,0.6470566736170400000
5.8,lift_area,0.2374835101120160000,0.00249065035939800000,1.5514444046412160000
5.8,moment_volume,0.080716855018808000,0.0034233537592080000,1.785169745544952000
5.9,drag_area,0.1278140236838150000,0.00116813812418437500,0.6562053975771400000
5.9,lift_area,0.2397380643185560000,0.00253097429106487500,1.5749553261476310000
5.9,moment_volume,0.080399737068765500,0.0034850317682655000,1.816670015126269500
6,drag_area,0.128773718400000,0.0011852595000000,0.665472350400000
6,lift_area,0.242000898160000,0.0025716979800000,1.598705230160000
6,moment_volume,0.08007853208000,0.003547460880000,1.84849026552000
6.1,drag_area,0.1297453391105150000,0.00120262599143437500,0.6748586433598400000
6.1,lift_area,0.2442718569221360000,0.00261282507105487500,1.6226955324272110000
6.1,moment_volume,0.079753284950805500,0.0036106457444055000,1.880632371633029500
6.2,drag_area,0.1307288148334400000,0.00122023990395000000,0.6843653915586400000
6.2,lift_area,0.2465507864126560000,0.00265435921531800000,1.6469276527498560000
6.2,moment_volume,0.079424040411128000,0.0036745910243280000,1.913098213183032000
6.3,drag_area,0.1317240747828150000,0.00123810355043437500,0.6939937139261400000
6.3,lift_area,0.2488375329611560000,0.00269630407011487500,1.6714030149802310000
6.3,moment_volume,0.079090843022565500,0.0037393013954655000,1.945889674698469500
6.4,drag_area,0.1327310483686400000,0.00125621925120000000,0.7037447332198400000
6.4,lift_area,0.2511319434191360000,0.00273866329900800000,1.6961230470223360000
6.4,moment_volume,0.078753737178368000,0.0038047815463680000,1.979008645518592000
6.5,drag_area,0.1337496651968750000,0.00127458933398437500,0.7136195760250000000
6.5,lift_area,0.2534338651600000000,0.00278144057179687500,1.7210891808318750000
6.5,moment_volume,0.078412767103437500,0.0038710361784375000,2.012457019793437500
6.6,drag_area,0.1347798550694400000,0.00129321613395000000,0.7236193727546400000
6.6,lift_area,0.2557431460790560000,0.00282463956451800000,1.7463028524162560000
6.6,moment_volume,0.078067976854328000,0.0039380700059280000,2.046236696483832000
6.7,drag_area,0.1358215479842150000,0.00131210199368437500,0.7337452576495400000
6.7,lift_area,0.2580596345935160000,0.00286826395944487500,1.7717655018345910000
6.7,moment_volume,0.077719410319245500,0.0040058877559455000,2.080349579361389500
6.8,drag_area,0.1368746741350400000,0.00133124926320000000,0.7439983687782400000
6.8,lift_area,0.2603831796424960000,0.00291231744508800000,1.7974785731976960000
6.8,moment_volume,0.077367111218048000,0.0040744941684480000,2.114797577008512000
6.9,drag_area,0.1379391639117150000,0.00135066029993437500,0.7543798480370400000
6.9,lift_area,0.2627136306870160000,0.00295680371619487500,1.8234435146680910000
6.9,moment_volume,0.077011123102245500,0.0041438939962455000,2.149582602818389500
7,drag_area,0.139014947900000,0.0013703374687500,0.764890841150000
7,lift_area,0.265050837710000,0.0030017264737500,1.849661778460000
7,moment_volume,0.07665148935500,0.004214092005000,2.18470657499500
7.1,drag_area,0.1401019568816150000,0.00139028314193437500,0.7755324976689400000
7.1,lift_area,0.2673946512162760000,0.00304708942497487500,1.8761348208393510000
7.1,moment_volume,0.076288253191125500,0.0042850929732255000,2.220171416553109500
7.2,drag_area,0.1412001218342400000,0.00141049969920000000,0.7863059709734400000
7.2,lift_area,0.2697449222325760000,0.00309289628332800000,1.9028641021237760000
7.2,moment_volume,0.075921457657088000,0.0043569016922880000,2.255979055318272000
7.3,drag_area,0.1423093739315150000,0.00143098952768437500,0.7972124182708400000
7.3,lift_area,0.2721015023075360000,0.00313915076850487500,1.9298510866826110000
7.3,moment_volume,0.075551145631005500,0.0044295229664055000,2.292131423926829500
7.4,drag_area,0.1434296445430400000,0.00145175502195000000,0.8082530005962400000
7.4,lift_area,0.2744642435116960000,0.00318585660643800000,1.9570972429368960000
7.4,moment_volume,0.075177359822648000,0.0045029616126480000,2.328630459825912000
7.5,drag_area,0.1445608652343750000,0.00147279858398437500,0.8194288828125000000
7.5,lift_area,0.2768329984375000000,0.00323301752929687500,1.9846040433593750000
7.5,moment_volume,0.074800142773437500,0.0045772224609375000,2.365478105273437500
7.6,drag_area,0.1457029677670400000,0.00149412262320000000,0.8307412336102400000
7.6,lift_area,0.2792076201992960000,0.00328063727548800000,2.0123729644744960000
7.6,moment_volume,0.074419536856448000,0.0046523103540480000,2.402676307338112000
7.7,drag_area,0.1468558840985150000,0.00151572955643437500,0.8421912255078400000
7.7,lift_area,0.2815879624333360000,0.00332871958965487500,2.0404054868584110000
7.7,moment_volume,0.074035584276405500,0.0047282301476055000,2.440227017899429500
7.8,drag_area,0.1480195463822400000,0.00153762180795000000,0.8537800348514400000
7.8,lift_area,0.2839738792977760000,0.00337726822267800000,2.0687030951389760000
7.8,moment_volume,0.073648327069688000,0.0048049867100880000,2.478132193647672000
7.9,drag_area,0.1491938869676150000,0.00155980180943437500,0.8655088418149400000
7.9,lift_area,0.2863652254726760000,0.00342628693167487500,2.0972672779957510000
7.9,moment_volume,0.073257807104325500,0.0048825849228255000,2.516393796083909500
8,drag_area,0.150378838400000,0.0015822720000000,0.877378830400000
8,lift_area,0.288761856160000,0.0034757794800000,2.126099528160000
8,moment_volume,0.07286406608000,0.004961029680000,2.55501379152000
8.1,drag_area,0.1515743334207150000,0.00160503482618437500,0.8893911884360400000
8.1,lift_area,0.2911636270836160000,0.00352574963724487500,2.1552013424146910000
8.1,moment_volume,0.072467145528045500,0.0050403258886455000,2.593994151078589500
8.2,drag_area,0.1527803049670400000,0.00162809274195000000,0.9015471075802400000
8.2,lift_area,0.2935703944892960000,0.00357620117923800000,2.1845742215944960000
8.2,moment_volume,0.072067086811448000,0.0051204784686480000,2.633336850693112000
8.3,drag_area,0.1539966861722150000,0.00165144820868437500,0.9138477833175400000
8.3,lift_area,0.2959820151447160000,0.00362713788804487500,2.2142196705857910000
8.3,moment_volume,0.071663931124845500,0.0052014923527455000,2.673043871107789500
8.4,drag_area,0.1552234103654400000,0.00167510369520000000,0.9262944149606400000
8.4,lift_area,0.2983983463394560000,0.00367856355196800000,2.2441391983266560000
8.4,moment_volume,0.071257719494528000,0.0052833724865280000,2.713117197877632000
8.5,drag_area,0.1564604110718750000,0.00169906167773437500,0.9388882056500000000
8.5,lift_area,0.3008192458850000000,0.00373048196554687500,2.2743343178068750000
8.5,moment_volume,0.070848492778437500,0.0053661238284375000,2.753558821368437500
8.6,drag_area,0.1577076220126400000,0.00172332463995000000,0.9516303623538400000
8.6,lift_area,0.3032445721147360000,0.00378289692955800000,2.3048065460679360000
8.6,moment_volume,0.070436291666168000,0.0054497513497680000,2.794370736756792000
8.7,drag_area,0.1589649771048150000,0.00174789507293437500,0.9645220958681400000
8.7,lift_area,0.3056741838839560000,0.00383581225101487500,2.3355574042030310000
8.7,moment_volume,0.070021156678965500,0.0055342600346655000,2.835554944030069500
8.8,drag_area,0.1602324104614400000,0.00177277547520000000,0.9775646208166400000
8.8,lift_area,0.3081079405698560000,0.00388923174316800000,2.3665884173570560000
8.8,moment_volume,0.069603128169728000,0.0056196548801280000,2.877113447986432000
8.9,drag_area,0.1615098563915150000,0.00179796835268437500,0.9907591556508400000
8.9,lift_area,0.3105457020715360000,0.00394315922550487500,2.3979011147266110000
8.9,moment_volume,0.069182246323005500,0.0057059408960055000,2.919048258234829500
9,drag_area,0.162797249400000,0.0018234762187500,1.004106922650000
9,lift_area,0.312987328810000,0.0039975985237500,2.429497029560000
9,moment_volume,0.06875855115500,0.005793123105000,2.96136138919500
9.1,drag_area,0.1640945241878150000,0.00184930159418437500,1.0176091479211400000
9.1,lift_area,0.3154326817281560000,0.00405255346986487500,2.4613776991572310000
9.1,moment_volume,0.068332082513565500,0.0058812065426655000,3.004054860097469500
9.2,drag_area,0.1654016156518400000,0.00187544700720000000,1.0312670613990400000
9.2,lift_area,0.3178816222908160000,0.00410802790204800000,2.4935446648700160000
9.2,moment_volume,0.067902880078208000,0.0059701962574080000,3.047130694983552000
9.3,drag_area,0.1667184588849150000,0.00190191499343437500,1.0450818968462400000
9.3,lift_area,0.3203340124846960000,0.00416402566473487500,2.5259994721017710000
9.3,moment_volume,0.067470983360085500,0.0060600973104855000,3.090590922705349500
9.4,drag_area,0.1680449891758400000,0.00192870809595000000,1.0590548918530400000
9.4,lift_area,0.3227897148184160000,0.00422055060859800000,2.5587436703076160000
9.4,moment_volume,0.067036431702008000,0.0061509147760080000,3.134437576925752000
9.5,drag_area,0.1693811420093750000,0.00195582886523437500,1.0731872878375000000
9.5,lift_area,0.3252485923225000000,0.00427760659054687500,2.5917788129943750000
9.5,moment_volume,0.066599264278437500,0.0062426537409375000,3.178672696118437500
9.6,drag_area,0.1707268530662400000,0.00198327985920000000,1.0874803300454400000
9.6,lift_area,0.3277105085493760000,0.00433519747372800000,2.6251064577205760000
9.6,moment_volume,0.066159520095488000,0.0063353193050880000,3.223298323567872000
9.7,drag_area,0.1720820582231150000,0.00201106364318437500,1.1019352675504400000
9.7,lift_area,0.3301753275733760000,0.00439332712752487500,2.6587281660964510000
9.7,moment_volume,0.065717237990925500,0.0064289165811255000,3.268316507369309500
9.8,drag_area,0.1734466935526400000,0.00203918278995000000,1.1165533532538400000
9.8,lift_area,0.3326429139907360000,0.00445199942755800000,2.6926455037839360000
9.8,moment_volume,0.065272456634168000,0.0065234506945680000,3.313729300428792000
9.9,drag_area,0.1748206953234150000,0.00206763987968437500,1.1313358438847400000
9.9,lift_area,0.3351131329195960000,0.00451121825568487500,2.7268600404966710000
9.9,moment_volume,0.064825214526285500,0.0066189267837855000,3.359538760463149500
10,drag_area,0.176204000000000,0.0020964375000000,1.146284000000000
10,lift_area,0.337585850000000,0.0045709875000000,2.761373350000000
10,moment_volume,0.06437555000000,0.006715350000000,3.40574695000000
10.1,drag_area,0.1775965442429150000,0.00212557824593437500,1.1613990859842400000
10.1,lift_area,0.3400609313938960000,0.00463131105483487500,2.7961870101109710000
10.1,moment_volume,0.063923501219685500,0.0068127255072855000,3.452355936377749500
10.2,drag_area,0.1789982649086400000,0.00215506471995000000,1.1766823700498400000
10.2,lift_area,0.3425382437851360000,0.00469219282075800000,2.8313026026983360000
10.2,moment_volume,0.063469106181368000,0.0069110584825680000,3.499367791745592000
10.3,drag_area,0.1804090990496150000,0.00218489953193437500,1.1921351242369400000
10.3,lift_area,0.3450176543794760000,0.00475363670457487500,2.8667217136825510000
10.3,moment_volume,0.063012402712725500,0.0070103541156255000,3.546784593063509500
10.4,drag_area,0.1818289839142400000,0.00221508529920000000,1.2077586244134400000
10.4,lift_area,0.3474990309045760000,0.00481564661932800000,2.9024459330357760000
10.4,moment_volume,0.062553428473088000,0.0071106176090880000,3.594608422102272000
10.5,drag_area,0.1832578569468750000,0.00224562464648437500,1.2235541502750000000
10.5,lift_area,0.3499822416100000000,0.00487822648429687500,2.9384768547818750000
10.5,moment_volume,0.062092220953437500,0.0072118541784375000,3.642841365443437500
10.6,drag_area,0.1846956557878400000,0.00227652020595000000,1.2395229853450400000
10.6,lift_area,0.3524671552672160000,0.00494138022499800000,2.9748160769964160000
10.6,moment_volume,0.061628817476408000,0.0073140690520080000,3.691485514479352000
10.7,drag_area,0.1861423182734150000,0.00230777461718437500,1.2556664169747400000
10.7,lift_area,0.3549536411695960000,0.00500511177318487500,3.0114652018066710000
10.7,moment_volume,0.061163255196285500,0.0074172674709855000,3.740542965413149500
10.8,drag_area,0.1875977824358400000,0.00233939052720000000,1.2719857363430400000
10.8,lift_area,0.3574415691324160000,0.00506942506684800000,3.0484258353916160000
10.8,moment_volume,0.060695571099008000,0.0075214546894080000,3.790015819258752000
10.9,drag_area,0.1890619865033150000,0.00237137059043437500,1.2884822384566400000
10.9,lift_area,0.3599308094928560000,0.00513432405021487500,3.0856995879819310000
10.9,moment_volume,0.060225802002165500,0.0076266359741655000,3.839906181840869500
11,drag_area,0.190534868900000,0.0024037174687500,1.305157222150000
11,lift_area,0.362421233110000,0.0051998126737500,3.123288073860000
11,moment_volume,0.05975398455500,0.007732816605000,3.89021616379500
11.1,drag_area,0.1920163682460150000,0.00243643383143437500,1.3220119900853400000
11.1,lift_area,0.3649127113648360000,0.00526589489415487500,3.1611929113599110000
11.1,moment_volume,0.059280155238405500,0.0078400018745055000,3.940947880567429500
11.2,drag_area,0.1935064233574400000,0.00246952235520000000,1.3390478487526400000
11.2,lift_area,0.3674051161602560000,0.00533257467436800000,3.1994157228674560000
11.2,moment_volume,0.058804350364928000,0.0079481970881280000,3.992103452415232000
11.3,drag_area,0.1950049732463150000,0.00250298572418437500,1.3562661084696400000
11.3,lift_area,0.3698983199210560000,0.00539985598356487500,3.2379581348201310000
11.3,moment_volume,0.058326606078765500,0.0080574075641655000,4.043685004406269500
11.4,drag_area,0.1965119571206400000,0.00253682662995000000,1.3736680833818400000
11.4,lift_area,0.3723921955939360000,0.00546774279715800000,3.2768217777071360000
11.4,moment_volume,0.057846958355768000,0.0081676386337680000,4.095694666419192000
11.5,drag_area,0.1980273143843750000,0.00257104777148437500,1.3912550914625000000
11.5,lift_area,0.3748866166475000000,0.00553623909679687500,3.3160082860693750000
11.5,moment_volume,0.057365443003437500,0.0082788956409375000,4.148134573143437500
11.6,drag_area,0.1995509846374400000,0.00260565185520000000,1.4090284545126400000
11.6,lift_area,0.3773814570722560000,0.00560534887036800000,3.3555192984994560000
11.6,moment_volume,0.056882095660928000,0.0083911839425280000,4.201006864079232000
11.7,drag_area,0.2010829076757150000,0.00264064159493437500,1.4269894981610400000
11.7,lift_area,0.3798765913806160000,0.00567507611199487500,3.3953564576416910000
11.7,moment_volume,0.056396951799045500,0.0085045089082455000,4.254313683537589500
11.8,drag_area,0.2026230234910400000,0.00267601971195000000,1.4451395518642400000
11.8,lift_area,0.3823718946068960000,0.00574542482203800000,3.4355214101920960000
11.8,moment_volume,0.055910046720248000,0.0086188759206480000,4.308057180640312000
11.9,drag_area,0.2041712722712150000,0.00271178893493437500,1.4634799489065400000
11.9,lift_area,0.3848672423073160000,0.00581639900709487500,3.4760158068983910000
11.9,moment_volume,0.055421415558645500,0.0087342903751455000,4.362239509319989500
12,drag_area,0.205727594400000,0.0027479520000000,1.482012026400000
12,lift_area,0.387362510560000,0.0058880026800000,3.516841302560000
12,moment_volume,0.05493109328000,0.008850757680000,4.41686282832000
12.1,drag_area,0.2072919304571150000,0.00278451165068437500,1.5007371252844400000
12.1,lift_area,0.3898575759649760000,0.00596023985982487500,3.5579995560280510000
12.1,moment_volume,0.054439114681725500,0.0089682832563255000,4.471929301194509500
12.2,drag_area,0.2088642212182400000,0.00282147063795000000,1.5196565903274400000
12.2,lift_area,0.3923523156441760000,0.00603311457187800000,3.5994922302053760000
12.2,moment_volume,0.053945514392888000,0.0090868725380880000,4.527441096308472000
12.3,drag_area,0.2104444076550150000,0.00285883172018437500,1.5387717701243400000
12.3,lift_area,0.3948466072414360000,0.00610663084770487500,3.6413209920465110000
12.3,moment_volume,0.053450326874205500,0.0092065309721055000,4.583400386837629500
12.4,drag_area,0.2120324309350400000,0.00289659766320000000,1.5580840170982400000
12.4,lift_area,0.3973403289224960000,0.00618079272508800000,3.6834875125576960000
12.4,moment_volume,0.052953586418048000,0.0093272640180480000,4.639809350768512000
12.5,drag_area,0.2136282324218750000,0.00293477124023437500,1.5775946875000000000
12.5,lift_area,0.3998333593750000000,0.00625560424804687500,3.7259934667968750000
12.5,moment_volume,0.052455327148437500,0.0094490771484375000,4.696670170898437500
12.6,drag_area,0.2152317536750400000,0.00297335523195000000,1.5973051414082400000
12.6,lift_area,0.4023255778084960000,0.00633106946683800000,3.7688405338736960000
12.6,moment_volume,0.051955583021048000,0.0095719758486480000,4.753985034835512000
12.7,drag_area,0.2168429364500150000,0.00301235242643437500,1.6172167427293400000
12.7,lift_area,0.4048168639544360000,0.00640719243795487500,3.8120303969495110000
12.7,moment_volume,0.051454387823205500,0.0096959656169055000,4.811756134998629500
12.8,drag_area,0.2184617226982400000,0.00305176561920000000,1.6373308591974400000
12.8,lift_area,0.4073070980661760000,0.00648397722412800000,3.8555647432373760000
12.8,moment_volume,0.050951775173888000,0.0098210519642880000,4.869985668617472000
12.9,drag_area,0.2200880545671150000,0.00309159761318437500,1.6576488623744400000
12.9,lift_area,0.4097961609189760000,0.00656142789432487500,3.8994452640020510000
12.9,moment_volume,0.050447778523725500,0.0099472404147255000,4.928675837732509500
13,drag_area,0.221721874400000,0.0031318512187500,1.678172127650000
13,lift_area,0.412283933810000,0.0066395485237500,3.943673654560000
13,moment_volume,0.04994243115500,0.010074536505000,4.98782884919500
13.1,drag_area,0.2233631247362150000,0.00317252925368437500,1.6989020342415400000
13.1,lift_area,0.4147702985583160000,0.00671834319384487500,3.9882516142793910000
13.1,moment_volume,0.049435766181645500,0.0102029457847455000,5.047446914666989500
13.2,drag_area,0.2250117483110400000,0.00321363454320000000,1.7198399651942400000
13.2,lift_area,0.4172551375048960000,0.00679781599228800000,4.0331808465800960000
13.2,moment_volume,0.048927816549248000,0.0103324738164480000,5.107532250621312000
13.3,drag_area,0.2266676880557150000,0.00325516991993437500,1.7409873073810400000
13.3,lift_area,0.4197383335126160000,0.00687797101299487500,4.0784630589336910000
13.3,moment_volume,0.048418615035045500,0.0104631261754455000,5.168087078341589500
13.4,drag_area,0.2283308870974400000,0.00329713822395000000,1.7623454515026400000
13.4,lift_area,0.4222197699662560000,0.00695881235611800000,4.1240999628634560000
13.4,moment_volume,0.047908194247928000,0.0105949084499280000,5.229113623922232000
13.5,drag_area,0.2300012887593750000,0.00333954230273437500,1.7839157920875000000
13.5,lift_area,0.4246993307725000000,0.00704034412804687500,4.1700932739443750000
13.5,moment_volume,0.047396586628437500,0.0107278262409375000,5.290614118268437500
13.6,drag_area,0.2316788365606400000,0.00338238501120000000,1.8056997274918400000
13.6,lift_area,0.4271769003599360000,0.00712257044140800000,4.2164447118031360000
13.6,moment_volume,0.046883824448768000,0.0108618851623680000,5.352590797096192000
13.7,drag_area,0.2333634742163150000,0.00342566921168437500,1.8276986598996400000
13.7,lift_area,0.4296523636790560000,0.00720549541506487500,4.2631560001181310000
13.7,moment_volume,0.046369939812765500,0.0109970908409655000,5.415045900932269500
13.8,drag_area,0.2350551456374400000,0.00346939777395000000,1.8499139953226400000
13.8,lift_area,0.4321256062022560000,0.00728912317411800000,4.3102288666194560000
13.8,moment_volume,0.045854964655928000,0.0111334489163280000,5.477981675114232000
13.9,drag_area,0.2367537949310150000,0.00351357357518437500,1.8723471436003400000
13.9,lift_area,0.4345965139238360000,0.00737345784990487500,4.3576650430889110000
13.9,moment_volume,0.045338930745405500,0.0112709650409055000,5.541400369790429500
14,drag_area,0.238459366400000,0.0035581995000000,1.894999518400000
14,lift_area,0.437064973360000,0.0074585035800000,4.405466265360000
14,moment_volume,0.04482186968000,0.011409644880000,5.60530423992000
14.1,drag_area,0.2401718045433150000,0.00360327844043437500,1.9178725372166400000
14.1,lift_area,0.4395308715488560000,0.00754426450821487500,4.4536342733179310000
14.1,moment_volume,0.044303812890165500,0.0115494941117655000,5.669695545272869500
14.2,drag_area,0.2418910540558400000,0.00364881329595000000,1.9409676213730400000
14.2,lift_area,0.4419940960504160000,0.00763074478459800000,4.5021708108996160000
14.2,moment_volume,0.043784791638008000,0.0116905184272080000,5.734576550429752000
14.3,drag_area,0.2436170598284150000,0.00369480697343437500,1.9642861960197400000
14.3,lift_area,0.4444545349465960000,0.00771794856543487500,4.5510776260936710000
14.3,moment_volume,0.043264837017285500,0.0118327235301855000,5.799949524782149500
14.4,drag_area,0.2453497669478400000,0.00374126238720000000,1.9878296901350400000
14.4,lift_area,0.4469120768412160000,0.00780588001324800000,4.6003564709404160000
14.4,moment_volume,0.042743979953408000,0.0119761151374080000,5.865816742532352000
14.5,drag_area,0.2470891206968750000,0.00378818245898437500,2.0115995365250000000
14.5,lift_area,0.4493666108600000000,0.00789454329679687500,4.6500091015318750000
14.5,moment_volume,0.042222251203437500,0.0121206989784375000,5.932180482693437500
14.6,drag_area,0.2488350665542400000,0.00383557011795000000,2.0355971718234400000
14.6,lift_area,0.4518180266505760000,0.00798394259107800000,4.7000372780117760000
14.6,moment_volume,0.041699681356088000,0.0122664807956880000,5.999043029089272000
14.7,drag_area,0.2505875501946150000,0.00388342830068437500,2.0598240364919400000
14.7,lift_area,0.4542662143824760000,0.00807408207732487500,4.7504427645755510000
14.7,moment_volume,0.041176300831725500,0.0124134663444255000,6.066406670354509500
14.8,drag_area,0.2523465174886400000,0.00393175995120000000,2.0842815748198400000
14.8,lift_area,0.4567110647471360000,0.00816496594300800000,4.8012273294703360000
14.8,moment_volume,0.040652139882368000,0.0125616613927680000,6.134273699934592000
14.9,drag_area,0.2541119145029150000,0.00398056802093437500,2.1089712349242400000
14.9,lift_area,0.4591524689578960000,0.00825659838183487500,4.8523927449949710000
14.9,moment_volume,0.040127228591685500,0.0127110717216855000,6.202646416085749500
15,drag_area,0.255883687500000,0.0040298554687500,2.133894468750000
15,lift_area,0.461590318750000,0.0083489835937500,4.903940787500000
15,moment_volume,0.03960159687500,0.012861703125000,6.27152712187500
15.1,drag_area,0.2576617829384150000,0.00407962526093437500,2.1590527320697400000
15.1,lift_area,0.4640245063805960000,0.00844212578493487500,4.9558732373876710000
15.1,moment_volume,0.039075274479285500,0.0130135614093855000,6.340918125180149500
15.2,drag_area,0.2594461474726400000,0.00412988037120000000,2.1844474844838400000
15.2,lift_area,0.4664549246287360000,0.00853602916780800000,5.0081918791119360000
15.2,moment_volume,0.038548290983168000,0.0131666523943680000,6.410821738689792000
15.3,drag_area,0.2612367279531150000,0.00418062378068437500,2.2100801894204400000
15.3,lift_area,0.4688814667953760000,0.00863069796102487500,5.0608985011784510000
15.3,moment_volume,0.038020675796925500,0.0133209819123255000,6.481240279903309500
15.4,drag_area,0.2630334714262400000,0.00423185847795000000,2.2359523141354400000
15.4,lift_area,0.4713040267033760000,0.00872613638947800000,5.1139948961445760000
15.4,moment_volume,0.037492458162488000,0.0134765558084880000,6.552176071130872000
15.5,drag_area,0.2648363251343750000,0.00428358745898437500,2.2620653297125000000
15.5,lift_area,0.4737224986975000000,0.00882234868429687500,5.1674828606193750000
15.5,moment_volume,0.036963667153437500,0.0136333799409375000,6.623631439493437500
15.6,drag_area,0.2666452365158400000,0.00433581372720000000,2.2884207110630400000
15.6,lift_area,0.4761367776444160000,0.00891933908284800000,5.2213641952636160000
15.6,moment_volume,0.036434331675008000,0.0137914601806080000,6.695608716922752000
15.7,drag_area,0.2684601532049150000,0.00438854029343437500,2.3150199369262400000
15.7,lift_area,0.4785467589326960000,0.00901711182873487500,5.2756407047897710000
15.7,moment_volume,0.035904480464085500,0.0139508024112855000,6.768110240161349500
15.8,drag_area,0.2702810230318400000,0.00444177017595000000,2.3418644898690400000
15.8,lift_area,0.4809523384728160000,0.00911567117179800000,5.3303141979620160000
15.8,moment_volume,0.035374142089208000,0.0141114125296080000,6.841138350762552000
15.9,drag_area,0.2721077940228150000,0.00449550640043437500,2.3689558562861400000
15.9,lift_area,0.4833534126971560000,0.00921502136811487500,5.3853864875962310000
15.9,moment_volume,0.034843344950565500,0.0142732964450655000,6.914695395090469500
16,drag_area,0.273940414400000,0.0045497520000000,2.396295526400000
16,lift_area,0.485749878560000,0.0093151666800000,5.440859390560000
16,moment_volume,0.03431211728000,0.014436460080000,6.98878372432000
16.1,drag_area,0.2757788325815150000,0.00460451001518437500,2.4238849942608400000
16.1,lift_area,0.4881416335375360000,0.00941611137600487500,5.4967347277726110000
16.1,moment_volume,0.033780487141005500,0.0146009093696055000,7.063405694436829500
16.2,drag_area,0.2776229971814400000,0.00465978349395000000,2.4517257577466400000
16.2,lift_area,0.4905285756278560000,0.00951785973091800000,5.5530143242050560000
16.2,moment_volume,0.033248482428728000,0.0147666502619280000,7.138563666237432000
16.3,drag_area,0.2794728570098150000,0.00471557549168437500,2.4798193185631400000
16.3,lift_area,0.4929106033509560000,0.00962041602576487500,5.6097000088800310000
16.3,moment_volume,0.032716130869965500,0.0149336887178655000,7.214260005329069500
16.4,drag_area,0.2813283610726400000,0.00477188907120000000,2.5081671822438400000
16.4,lift_area,0.4952876157487360000,0.00972378454780800000,5.6667936148719360000
16.4,moment_volume,0.032183460023168000,0.0151020307111680000,7.290497082129792000
16.5,drag_area,0.2831894585718750000,0.00482872730273437500,2.5367708581500000000
16.5,lift_area,0.4976595123850000000,0.00982796959054687500,5.7242969793068750000
16.5,moment_volume,0.031650497278437500,0.0152716822284375000,7.367277271868437500
16.6,drag_area,0.2850560989054400000,0.00488609326395000000,2.5656318594706400000
16.6,lift_area,0.5000261933454560000,0.00993297545371800000,5.7822119433626560000
16.6,moment_volume,0.031117269857528000,0.0154426492691280000,7.444602954584632000
16.7,drag_area,0.2869282316672150000,0.00494399003993437500,2.5947517032225400000
16.7,lift_area,0.5023875592377160000,0.01003880644329487500,5.8405403522687910000
16.7,moment_volume,0.030583804813845500,0.0156149378455455000,7.522476515128789500
16.8,drag_area,0.2888058066470400000,0.00500242072320000000,2.6241319102502400000
16.8,lift_area,0.5047435111912960000,0.01014546687148800000,5.8992840553064960000
16.8,moment_volume,0.030050129032448000,0.0157885539828480000,7.600900343162112000
16.9,drag_area,0.2906887738307150000,0.00506138841368437500,2.6537740052260400000
16.9,lift_area,0.5070939508576160000,0.01025296105674487500,5.9584449058086910000
16.9,moment_volume,0.029516269230045500,0.0159635037190455000,7.679876833156589500
17,drag_area,0.292577083400000,0.0051208962187500,2.683679516650000
17,lift_area,0.509438780410000,0.0103612933237500,6.018024761160000
17,moment_volume,0.02898225195500,0.016139793105000,7.75940838439500
17.1,drag_area,0.2944706857326150000,0.00518094725318437500,2.7138499768499400000
17.1,lift_area,0.5117779025436760000,0.01047046800342487500,6.0780254827967510000
17.1,moment_volume,0.028448103587325500,0.0163174282044255000,7.839497400970909500
17.2,drag_area,0.2963695314022400000,0.00524154463920000000,2.7442869219814400000
17.2,lift_area,0.5141112204757760000,0.01058048943292800000,6.1384489362069760000
17.2,moment_volume,0.027913850338688000,0.0164964150938880000,7.920146291788672000
17.3,drag_area,0.2982735711785150000,0.00530269150643437500,2.7749918920278400000
17.3,lift_area,0.5164386379453360000,0.01069136195565487500,6.1992969909304110000
17.3,moment_volume,0.027379518252405500,0.0166767598628055000,8.001357470563429500
17.4,drag_area,0.3001827560270400000,0.00536439099195000000,2.8059664308002400000
17.4,lift_area,0.5187600592132960000,0.01080308992123800000,6.2605715205584960000
17.4,moment_volume,0.026845133203448000,0.0168584686134480000,8.083133355821112000
17.5,drag_area,0.3020970371093750000,0.00542664624023437500,2.8372120859375000000
17.5,lift_area,0.5210753890625000000,0.01091567768554687500,6.3222744027343750000
17.5,moment_volume,0.026310720898437500,0.0170415474609375000,8.165476370898437500
17.6,drag_area,0.3040163657830400000,0.00548946040320000000,2.8687304089062400000
17.6,lift_area,0.5233845327976960000,0.01102912961068800000,6.3844075191528960000
17.6,moment_volume,0.025776306875648000,0.0172260025332480000,8.248388943942912000
17.7,drag_area,0.3059406936015150000,0.00555283664018437500,2.9005229550008400000
17.7,lift_area,0.5256873962455360000,0.01114345006500487500,6.4469727555606110000
17.7,moment_volume,0.025241916505005500,0.0174118399712055000,8.331873507912829500
17.8,drag_area,0.3078699723142400000,0.00561677811795000000,2.9325912833434400000
17.8,lift_area,0.5279838857545760000,0.01125864342307800000,6.5099720017557760000
17.8,moment_volume,0.024707574988088000,0.0175990659284880000,8.415932500577272000
17.9,drag_area,0.3098041538666150000,0.00568128801068437500,2.9649369568839400000
17.9,lift_area,0.5302739081952760000,0.01137471406572487500,6.5734071515883510000
17.9,moment_volume,0.024173307358125500,0.0177876865716255000,8.500568364516109500
18,drag_area,0.311743190400000,0.0057463695000000,2.997561542400000
18,lift_area,0.532557370960000,0.0114916663800000,6.637280102960000
18,moment_volume,0.02363913848000,0.017977708080000,8.58578354712000
18.1,drag_area,0.3136870342517150000,0.00581202577493437500,3.0304666104970400000
18.1,lift_area,0.5348341819630160000,0.01160950475919487500,6.7015927578240910000
18.1,moment_volume,0.023105093050245500,0.0181691366458455000,8.671580500590389500
18.2,drag_area,0.3156356379550400000,0.00587826003195000000,3.0636537356082400000
18.2,lift_area,0.5371042496404960000,0.01172823360283800000,6.7663470221856960000
18.2,moment_volume,0.022571195597048000,0.0183619784742480000,8.757961681939512000
18.3,drag_area,0.3175889542392150000,0.00594507547493437500,3.0971244959945400000
18.3,lift_area,0.5393674829505160000,0.01184785731669487500,6.8315448061015910000
18.3,moment_volume,0.022037470480245500,0.0185562397831455000,8.844929552990389500
18.4,drag_area,0.3195469360294400000,0.00601247531520000000,3.1308804737446400000
18.4,lift_area,0.5416237913730560000,0.01196838031276800000,6.8971880236802560000
18.4,moment_volume,0.021503941891328000,0.0187519268033280000,8.932486580376832000
18.5,drag_area,0.3215095364468750000,0.00608046277148437500,3.1649232547750000000
18.5,lift_area,0.5438730849100000000,0.01208980700929687500,6.9632785930818750000
18.5,moment_volume,0.020970633853437500,0.0189490457784375000,9.020635235543437500
18.6,drag_area,0.3234767088086400000,0.00614904106995000000,3.1992544288298400000
18.6,lift_area,0.5461152740851360000,0.01221214183075800000,7.0298184365183360000
18.6,moment_volume,0.020437570221368000,0.0191476029649680000,9.109377994745592000
18.7,drag_area,0.3254484066278150000,0.00621821344418437500,3.2338755894811400000
18.7,lift_area,0.5483502699441560000,0.01233538920786487500,7.0968094802532310000
18.7,moment_volume,0.019904774681565500,0.0193476046322655000,9.198717339049469500
18.8,drag_area,0.3274245836134400000,0.00628798313520000000,3.2687883341286400000
18.8,lift_area,0.5505779840546560000,0.01245955357756800000,7.1642536546018560000
18.8,moment_volume,0.019372270752128000,0.0195490570625280000,9.288655754332032000
18.9,drag_area,0.3294051936705150000,0.00635835339143437500,3.3039942639998400000
18.9,lift_area,0.5527983285061360000,0.01258463938305487500,7.2321528939312110000
18.9,moment_volume,0.018840081782805500,0.0197519665508055000,9.379195731281029500
19,drag_area,0.331390190900000,0.0064293274687500,3.339494984150000
19,lift_area,0.555011215910000,0.0127106510737500,7.300509136660000
19,moment_volume,0.01830823095500,0.019956339405000,9.47033976539500
19.1,drag_area,0.3333795295988150000,0.00650090863043437500,3.3752921034621400000
19.1,lift_area,0.5572165593995560000,0.01283759310531487500,7.3693243252586310000
19.1,moment_volume,0.017776741281765500,0.0201621819458655000,9.562090356983269500
19.2,drag_area,0.3353731642598400000,0.00657310014720000000,3.4113872346470400000
19.2,lift_area,0.5594142726300160000,0.01296546993964800000,7.4386004062492160000
19.2,moment_volume,0.017245635607808000,0.0203695005070080000,9.654450011165952000
19.3,drag_area,0.3373710495719150000,0.00664590529718437500,3.4477819942432400000
19.3,lift_area,0.5616042697784960000,0.01309428604488487500,7.5083393302055710000
19.3,moment_volume,0.016714936609485500,0.0205783014348855000,9.747421237873949500
19.4,drag_area,0.3393731404198400000,0.00671932736595000000,3.4844780026170400000
19.4,lift_area,0.5637864655440160000,0.01322404589539800000,7.5785430517532160000
19.4,moment_volume,0.016184666794808000,0.0207885910888080000,9.841006551848952000
19.5,drag_area,0.3413793918843750000,0.00679336964648437500,3.5214768839625000000
19.5,lift_area,0.5659607751475000000,0.01335475397179687500,7.6492135295693750000
19.5,moment_volume,0.015654848503437500,0.0210003758409375000,9.935208472643437500
19.6,drag_area,0.3433897592422400000,0.00686803543920000000,3.5587802663014400000
19.6,lift_area,0.5681271143317760000,0.01348641476092800000,7.7203527263829760000
19.6,moment_volume,0.015125503906688000,0.0212136620762880000,10.030029524620672000
19.7,drag_area,0.3454041979661150000,0.00694332805193437500,3.5963897814834400000
19.7,lift_area,0.5702853993615760000,0.01361903275587487500,7.7919626089746510000
19.7,moment_volume,0.014596655007525500,0.0214284561927255000,10.125472236954709500
19.8,drag_area,0.3474226637246400000,0.00701925079995000000,3.6343070651858400000
19.8,lift_area,0.5724355470235360000,0.01375261245595800000,7.8640451481767360000
19.8,moment_volume,0.014068323640568000,0.0216447646009680000,10.221539143630392000
19.9,drag_area,0.3494451123824150000,0.00709580700593437500,3.6725337569137400000
19.9,lift_area,0.5745774746261960000,0.01388715836673487500,7.9366023188732710000
19.9,moment_volume,0.013540531472085500,0.0218625937245855000,10.318232783443349500
20,drag_area,0.351471500000000,0.0071730000000000,3.711071500000000
20,lift_area,0.576711100000000,0.0140226750000000,8.009636100000000
20,moment_volume,0.01301330000000,0.022081950000000,10.41555570000000
20.1,drag_area,0.3535017828339150000,0.00725083311968437500,3.7499219416052400000
20.1,lift_area,0.5788363414972960000,0.01415916687378487500,8.0831484745443710000
20.1,moment_volume,0.012486650553885500,0.0223028398764855000,10.513510441717549500
20.2,drag_area,0.3555359173366400000,0.00732930970995000000,3.7890867327178400000
20.2,lift_area,0.5809531179923360000,0.01429663851235800000,8.1571414295455360000
20.2,moment_volume,0.011960604294968000,0.0225252698161680000,10.612099561823992000
20.3,drag_area,0.3575738601566150000,0.00740843312318437500,3.8285675281539400000
20.3,lift_area,0.5830613488812760000,0.01443509444622487500,8.2316169560943510000
20.3,moment_volume,0.011435182216125500,0.0227492462940255000,10.711325618358109500
20.4,drag_area,0.3596155681382400000,0.00748820671920000000,3.8683659865574400000
20.4,lift_area,0.5851609540821760000,0.01457453921212800000,8.3065770493333760000
20.4,moment_volume,0.010910405141888000,0.0229747757978880000,10.811191174169472000
20.5,drag_area,0.3616609983218750000,0.00756863386523437500,3.9084837704000000000
20.5,lift_area,0.5872518540350000000,0.01471497735304687500,8.3820237084568750000
20.5,moment_volume,0.010386293728437500,0.0232018648284375000,10.911698796918437500
20.6,drag_area,0.3637101079438400000,0.00764971793595000000,3.9489225459810400000
20.6,lift_area,0.5893339697016160000,0.01485641341819800000,8.4579589367108160000
20.6,moment_volume,0.009862868463608000,0.0234305198992080000,11.012851059076152000
20.7,drag_area,0.3657628544364150000,0.00773146231343437500,3.9896839834277400000
20.7,lift_area,0.5914072225657960000,0.01499885196303487500,8.5343847413928710000
20.7,moment_volume,0.009340149666885500,0.0236607475365855000,11.114650537924549500
20.8,drag_area,0.3678191954278400000,0.00781387038720000000,4.0307697566950400000
20.8,lift_area,0.5934715346332160000,0.01514229754924800000,8.6113031338524160000
20.8,moment_volume,0.008818157489408000,0.0238925542798080000,11.217099815556352000
20.9,drag_area,0.3698790887423150000,0.00789694555418437500,4.0721815435656400000
20.9,lift_area,0.5955268284314560000,0.01528675474476487500,8.6887161294905310000
20.9,moment_volume,0.008296911913965500,0.0241259466809655000,11.320201478875069500
21,drag_area,0.371942492400000,0.0079806912187500,4.113921025650000
21,lift_area,0.597573027010000,0.0154322281237500,8.766625747760000
21,moment_volume,0.00777643275500,0.024360931305000,11.42395811959500
21.1,drag_area,0.3740093646170150000,0.00806511079268437500,4.1559898883863400000
21.1,lift_area,0.5996100539402360000,0.01557872226660487500,8.8450340121653110000
21.1,moment_volume,0.007256739658605500,0.0245975147297055000,11.528372334241229500
21.2,drag_area,0.3760796638054400000,0.00815020769520000000,4.1983898210406400000
21.2,lift_area,0.6016378333154560000,0.01572624175996800000,8.9239429502626560000
21.2,moment_volume,0.006737852102528000,0.0248357035457280000,11.633446724149632000
21.3,drag_area,0.3781533485733150000,0.00823598535293437500,4.2411225167066400000
21.3,lift_area,0.6036562897508560000,0.01587479119671487500,9.0033545936599310000
21.3,moment_volume,0.006219789396165500,0.0250755043565655000,11.739183895466869500
21.4,drag_area,0.3802303777246400000,0.00832244719995000000,4.2841896723058400000
21.4,lift_area,0.6056653483835360000,0.01602437517595800000,9.0832709780167360000
21.4,moment_volume,0.005702570680568000,0.0253169237785680000,11.845586459150392000
21.5,drag_area,0.3823107102593750000,0.00840959667773437500,4.3275929885875000000
21.5,lift_area,0.6076649348725000000,0.01617499830304687500,9.1636941430443750000
21.5,moment_volume,0.005186214928437500,0.0255599684409375000,11.952657030968437500
21.6,drag_area,0.3843943053734400000,0.00849743723520000000,4.3713341701286400000
21.6,lift_area,0.6096549753986560000,0.01632666518956800000,9.2446261325058560000
21.6,moment_volume,0.004670740944128000,0.0258046449857280000,12.060398231500032000
21.7,drag_area,0.3864811224587150000,0.00858597232868437500,4.4154149253340400000
21.7,lift_area,0.6116353966648160000,0.01647938045334487500,9.3260689942158910000
21.7,moment_volume,0.004156167363645500,0.0260509600678455000,12.168812686134989500
21.8,drag_area,0.3885711211030400000,0.00867520542195000000,4.4598369664362400000
21.8,lift_area,0.6136061258956960000,0.01663314871843800000,9.4080247800408960000
21.8,moment_volume,0.003642512654648000,0.0262989203550480000,12.277903025073912000
21.9,drag_area,0.3906642610902150000,0.00876513998618437500,4.5046020094955400000
21.9,lift_area,0.6155670908379160000,0.01678797461514487500,9.4904955458989910000
21.9,moment_volume,0.003129795116445500,0.0265485325279455000,12.387671883328189500
22,drag_area,0.392760502400000,0.0088557795000000,4.549711774400000
22,lift_area,0.617518219760000,0.0169438627800000,9.573483351760000
22,moment_volume,0.00261803288000,0.026799803280000,12.49812190072000
22.1,drag_area,0.3948598052081150000,0.00894712744943437500,4.5951679848654400000
22.1,lift_area,0.6194594414523760000,0.01710081785577487500,9.6569902616454510000
22.1,moment_volume,0.002107243907925500,0.0270527393175255000,12.609255721882309500
22.2,drag_area,0.3969621298862400000,0.00903918732795000000,4.6409723684354400000
22.2,lift_area,0.6213906852273760000,0.01725884449147800000,9.7410183436285760000
22.2,moment_volume,0.001597445994488000,0.0273073473596880000,12.721075996258872000
22.3,drag_area,0.3990674370020150000,0.00913196263643437500,4.6871266564813400000
22.3,lift_area,0.6233118809192360000,0.01741794734235487500,9.8255696698343110000
22.3,moment_volume,0.001088656765605500,0.0275636341385055000,12.833585378104229500
22.4,drag_area,0.4011756873190400000,0.00922545688320000000,4.7336325842022400000
22.4,lift_area,0.6252229588840960000,0.01757813106988800000,9.9106463164392960000
22.4,moment_volume,0.000580893678848000,0.0278216063988480000,12.946786526483712000
22.5,drag_area,0.4032868417968750000,0.00931967358398437500,4.7804918906250000000
22.5,lift_area,0.6271238500000000000,0.01773940034179687500,9.9962503636718750000
22.5,moment_volume,0.000074174023437500,0.0280812708984375000,13.060682105273437500
22.6,drag_area,0.4054008615910400000,0.00941461626195000000,4.8277063186042400000
22.6,lift_area,0.6290144856668960000,0.01790175983203800000,10.0823838958120960000
22.6,moment_volume,-0.000431485079752000,0.0283426344078480000,13.175274783160312000
22.7,drag_area,0.4075177080530150000,0.00951028844768437500,4.8752776148223400000
22.7,lift_area,0.6308947978066360000,0.01806521422080487500,10.1690490011917110000
22.7,moment_volume,-0.000936066678194500,0.0286057037105055000,13.290567233642029500
22.8,drag_area,0.4096373427302400000,0.00960669367920000000,4.9232075297894400000
22.8,lift_area,0.6327647188629760000,0.01822976819452800000,10.2562477721941760000
22.8,moment_volume,-0.001439553987712000,0.0288704856026880000,13.406562135027072000
22.9,drag_area,0.4117597273661150000,0.00970383550193437500,4.9714978178434400000
22.9,lift_area,0.6346241818015760000,0.01839542644587487500,10.3439823052546510000
22.9,moment_volume,-0.001941930392474500,0.0291369868935255000,13.523262170434709500
23,drag_area,0.413884823900000,0.0098017174687500,5.020150237150000
23,lift_area,0.636473120110000,0.0185621936737500,10.432254700860000
23,moment_volume,-0.00244317944500,0.029405214405000,13.64067002779500
23.1,drag_area,0.4160125944672150000,0.00990034313993437500,5.0691665497025400000
23.1,lift_area,0.6383114677977160000,0.01873007458329487500,10.5210670635487910000
23.1,moment_volume,-0.002943284866154500,0.0296751749719455000,13.758788399848789500
23.2,drag_area,0.4181430013990400000,0.00999971608320000000,5.1185485213222400000
23.2,lift_area,0.6401391593960960000,0.01889907388588800000,10.6104215019112960000
23.2,moment_volume,-0.003442230545152000,0.0299468754420480000,13.877619984147712000
23.3,drag_area,0.4202760072227150000,0.01009983987368437500,5.1682979216580400000
23.3,lift_area,0.6419561299584160000,0.01906919629914487500,10.7003201285894910000
23.3,moment_volume,-0.003940000539554500,0.0302203226758455000,13.997167483054189500
23.4,drag_area,0.4224115746614400000,0.01020071809395000000,5.2184165241866400000
23.4,lift_area,0.6437623150598560000,0.01924044654691800000,10.7907650602770560000
23.4,moment_volume,-0.004436579075272000,0.0304955235467280000,14.117433603741432000
23.5,drag_area,0.4245496666343750000,0.01030235433398437500,5.2689061062125000000
23.5,lift_area,0.6455576507975000000,0.01941282935929687500,10.8817584177193750000
23.5,moment_volume,-0.004931950546562500,0.0307724849409375000,14.238421058193437500
23.6,drag_area,0.4266902462566400000,0.01040475219120000000,5.3197684488678400000
23.6,lift_area,0.6473420737903360000,0.01958634947260800000,10.9733023257135360000
23.6,moment_volume,-0.005426099516032000,0.0310512137575680000,14.360132563204992000
23.7,drag_area,0.4288332768393150000,0.01050791527043437500,5.3710053371126400000
23.7,lift_area,0.6491155211792560000,0.01976101162941487500,11.0653989131083310000
23.7,moment_volume,-0.005919010714634500,0.0313317169085655000,14.482570840381669500
23.8,drag_area,0.4309787218894400000,0.01061184718395000000,5.4226185597346400000
23.8,lift_area,0.6508779306270560000,0.01993682057851800000,11.1580503128042560000
23.8,moment_volume,-0.006410669041672000,0.0316140013187280000,14.605738616139832000
23.9,drag_area,0.4331265451100150000,0.01071655155143437500,5.4746099093493400000
23.9,lift_area,0.6526292403184360000,0.02011378107495487500,11.2512586617535110000
23.9,moment_volume,-0.006901059564794500,0.0318980739257055000,14.729638621706629500
24,drag_area,0.435276710400000,0.0108220320000000,5.526981182400000
24,lift_area,0.654369388960000,0.0202918978800000,11.345026100960000
24,moment_volume,-0.00739016752000,0.032183941680000,14.85427359312000
24.1,drag_area,0.4374291818543150000,0.01092829216418437500,5.5797341791576400000
24.1,lift_area,0.6560983157802560000,0.02047117576116487500,11.4393547754793310000
24.1,moment_volume,-0.007877978311634500,0.0324716115449655000,14.979646271228669500
24.2,drag_area,0.4395839237638400000,0.01103533568595000000,5.6328707037210400000
24.2,lift_area,0.6578159605296160000,0.02065161949219800000,11.5342468344188160000
24.2,moment_volume,-0.008364477512392000,0.0327610904968080000,15.105759401692152000
24.3,drag_area,0.4417409006154150000,0.01114316621468437500,5.6863925640167400000
24.3,lift_area,0.6595222634803960000,0.02083323385308487500,11.6297044309374710000
24.3,moment_volume,-0.008849650863314500,0.0330523855245855000,15.232615734980749500
24.4,drag_area,0.4439000770918400000,0.01125178740720000000,5.7403015717990400000
24.4,lift_area,0.6612171654268160000,0.02101602363004800000,11.7257297222460160000
24.4,moment_volume,-0.009333484273792000,0.0333455036302080000,15.360218026375552000
24.5,drag_area,0.4460614180718750000,0.01136120292773437500,5.7945995426500000000
24.5,lift_area,0.6629006076850000000,0.02119999361554687500,11.8223248696068750000
24.5,moment_volume,-0.009815963821562500,0.0336404518284375000,15.488569035968437500
24.6,drag_area,0.4482248886302400000,0.01147141644795000000,5.8492882959794400000
24.6,lift_area,0.6645725320929760000,0.02138514860827800000,11.9194920383341760000
24.6,moment_volume,-0.010297075752712000,0.0339372371468880000,15.617671528662072000
24.7,drag_area,0.4503904540376150000,0.01158243164693437500,5.9043696550249400000
24.7,lift_area,0.6662328810106760000,0.02157149341317487500,12.0172333977937510000
24.7,moment_volume,-0.010776806481674500,0.0342358666260255000,15.747528274169909500
24.8,drag_area,0.4525580797606400000,0.01169425221120000000,5.9598454468518400000
24.8,lift_area,0.6678815973199360000,0.02175903284140800000,12.1155511214031360000
24.8,moment_volume,-0.011255142591232000,0.0345363473191680000,15.878142047016192000
24.9,drag_area,0.4547277314619150000,0.01180688183468437500,6.0157175023532400000
24.9,lift_area,0.6695186244244960000,0.02194777171038487500,12.2144473866315710000
24.9,moment_volume,-0.011732070832514500,0.0348386862924855000,16.009515626535949500
25,drag_area,0.456899375000000,0.0119203242187500,6.071987656250000
25,lift_area,0.671143906250000,0.0221377148437500,12.313924375000000
25,moment_volume,-0.01220757812500,0.035142890625000,16.14165179687500
25.1,drag_area,0.4590729764294150000,0.01203458307218437500,6.1286577470907400000
25.1,lift_area,0.6727573872439960000,0.02232886707138487500,12.4139842720810710000
25.1,moment_volume,-0.012681651556514500,0.0354489674085855000,16.274553346989949500
25.2,drag_area,0.4612485020006400000,0.01214966211120000000,6.1857296172518400000
25.2,lift_area,0.6743590123759360000,0.02252123322940800000,12.5146292674991360000
25.2,moment_volume,-0.013154278383232000,0.0357569237479680000,16.408223070648192000
25.3,drag_area,0.4634259181601150000,0.01226556505943437500,6.2432051129374400000
25.3,lift_area,0.6759487271371760000,0.02271481816017487500,12.6158615549302510000
25.3,moment_volume,-0.013625446029674500,0.0360667667607255000,16.542663766427909500
25.4,drag_area,0.4656051915502400000,0.01238229564795000000,6.3010860841794400000
25.4,lift_area,0.6775264775409760000,0.02290962671227800000,12.7176833321021760000
25.4,moment_volume,-0.014095142088712000,0.0363785035772880000,16.677878237718072000
25.5,drag_area,0.4677862890093750000,0.01249985761523437500,6.3593743848375000000
25.5,lift_area,0.6790922101225000000,0.02310566374054687500,12.8200968007943750000
25.5,moment_volume,-0.014563354321562500,0.0366921413409375000,16.813869292718437500
25.6,drag_area,0.4699691775718400000,0.01261825470720000000,6.4180718725990400000
25.6,lift_area,0.6806458719388160000,0.02330293410604800000,12.9231041668380160000
25.6,moment_volume,-0.015030070657792000,0.0370076872078080000,16.950639744439552000
25.7,drag_area,0.4721538244679150000,0.01273749067718437500,6.4771804089792400000
25.7,lift_area,0.6821874105688960000,0.02350144267608487500,13.0267076401159710000
25.7,moment_volume,-0.015495279195314500,0.0373251483468855000,17.088192410702749500
25.8,drag_area,0.4743401971238400000,0.01285756928595000000,6.5367018593210400000
25.8,lift_area,0.6837167741136160000,0.02370119432419800000,13.1309094345628160000
25.8,moment_volume,-0.015958968200392000,0.0376445319400080000,17.226530114140152000
25.9,drag_area,0.4765282631618150000,0.01297849430168437500,6.5966380927951400000
25.9,lift_area,0.6852339111957560000,0.02390219393016487500,13.2357117681648310000
25.9,moment_volume,-0.016421126107634500,0.0379658451818655000,17.365655682194669500
26,drag_area,0.478717990400000,0.0131002695000000,6.656990982400000
26,lift_area,0.686738770960000,0.0241044463800000,13.341116862960000
26,moment_volume,-0.01688174152000,0.038289095280000,17.50557194712000
26.1,drag_area,0.4809093468525150000,0.01322289866393437500,6.7177624049618400000
26.1,lift_area,0.6882313030729360000,0.02430795656595487500,13.4471269450380110000
26.1,moment_volume,-0.017340803208794500,0.0386142894548055000,17.646281745980629500
26.2,drag_area,0.4831023007294400000,0.01334638558395000000,6.7789542411346400000
26.2,lift_area,0.6897114577230560000,0.02451272938651800000,13.5537442445402560000
26.2,moment_volume,-0.017798300113672000,0.0389414349395280000,17.787787920651832000
26.3,drag_area,0.4852968204368150000,0.01347073405793437500,6.8405683754001400000
26.3,lift_area,0.6911791856207560000,0.02471876974641487500,13.6609709956598310000
26.3,moment_volume,-0.018254221342634500,0.0392705389802655000,17.930093317819669500
26.4,drag_area,0.4874928745766400000,0.01359594789120000000,6.9026066960678400000
26.4,lift_area,0.6926344379983360000,0.02492608255660800000,13.7688094366415360000
26.4,moment_volume,-0.018708556172032000,0.0396016088359680000,18.073200788980992000
26.5,drag_area,0.4896904319468750000,0.01372203089648437500,6.9650710952750000000
26.5,lift_area,0.6940771666100000000,0.02513467273429687500,13.8772618097818750000
26.5,moment_volume,-0.019161294046562500,0.0399346517784375000,18.217113190443437500
26.6,drag_area,0.4918894615414400000,0.01384898689395000000,7.0279634689866400000
26.6,lift_area,0.6955073237318560000,0.02534454520291800000,13.9863303614290560000
26.6,moment_volume,-0.019612424579272000,0.0402696750923280000,18.361833383325432000
26.7,drag_area,0.4940899325502150000,0.01397681971118437500,7.0912857169955400000
26.7,lift_area,0.6969248621619160000,0.02555570489214487500,14.0960173419829910000
26.7,moment_volume,-0.020061937551554500,0.0406066860751455000,18.507364233556189500
26.8,drag_area,0.4962918143590400000,0.01410553318320000000,7.1550397429222400000
26.8,lift_area,0.6983297352200960000,0.02576815673788800000,14.2063250058952960000
26.8,moment_volume,-0.020509822913152000,0.0409456920372480000,18.653708611875712000
26.9,drag_area,0.4984950765497150000,0.01423513115243437500,7.2192274542150400000
26.9,lift_area,0.6997218967482160000,0.02598190568229487500,14.3172556116692910000
26.9,moment_volume,-0.020956070782154500,0.0412867003018455000,18.800869393834789500
27,drag_area,0.500699688900000,0.0143656174687500,7.283850762150000
27,lift_area,0.701101301110000,0.0261969566737500,14.428811421860000
27,moment_volume,-0.02140067144500,0.041629718205000,18.94884945979500
27.1,drag_area,0.5029056213836150000,0.01449699598943437500,7.3489115818309400000
27.1,lift_area,0.7024679031910760000,0.02641331466687487500,14.5409947030741510000
27.1,moment_volume,-0.021843615356474500,0.0419747530956255000,19.097651694928709500
27.2,drag_area,0.5051128441702400000,0.01462927057920000000,7.4144118321894400000
27.2,lift_area,0.7038216583989760000,0.02663098462252800000,14.6538077259701760000
27.2,moment_volume,-0.022284893139712000,0.0423218123354880000,19.247278989219072000
27.3,drag_area,0.5073213276255150000,0.01476244511018437500,7.4803534359848400000
27.3,lift_area,0.7051625226631360000,0.02684997150780487500,14.7672527652582110000
27.3,moment_volume,-0.022724495586194500,0.0426709032992055000,19.397734237460029500
27.4,drag_area,0.5095310423110400000,0.01489652346195000000,7.5467383198042400000
27.4,lift_area,0.7064904524348960000,0.02707028029603800000,14.8813320997000960000
27.4,moment_volume,-0.023162413655752000,0.0430220333742480000,19.549020339256312000
27.5,drag_area,0.5117419589843750000,0.01503150952148437500,7.6135684140625000000
27.5,lift_area,0.7078054046875000000,0.02729191596679687500,14.9960480121093750000
27.5,moment_volume,-0.023598638476562500,0.0433752099609375000,19.701140199023437500
27.6,drag_area,0.5139540485990400000,0.01516740718320000000,7.6808456530022400000
27.6,lift_area,0.7091073369160960000,0.02751488350588800000,15.1114027893512960000
27.6,moment_volume,-0.024033161345152000,0.0437304404724480000,19.854096725987712000
27.7,drag_area,0.5161672823045150000,0.01530422034893437500,7.7485719746938400000
27.7,lift_area,0.7103962071377360000,0.02773918790535487500,15.2273987223428110000
27.7,moment_volume,-0.024465973726394500,0.0440877323348055000,20.007892834186229500
27.8,drag_area,0.5183816314462400000,0.01544195292795000000,7.8167493210354400000
27.8,lift_area,0.7116719738913760000,0.02796483416347800000,15.3440381060525760000
27.8,moment_volume,-0.024897067253512000,0.0444470929868880000,20.162531442466872000
27.9,drag_area,0.5205970675656150000,0.01558060883693437500,7.8853796377529400000
27.9,lift_area,0.7129345962378760000,0.02819182728477487500,15.4613232395009510000
27.9,moment_volume,-0.025326433728074500,0.0448085298804255000,20.318015474488309500
28,drag_area,0.522813562400000,0.0157201920000000,7.954464874400000
28,lift_area,0.714184033760000,0.0284201722800000,15.579256425760000
28,moment_volume,-0.02575406512000,0.045172050480000,20.47434785872000
28.1,drag_area,0.5250310878827150000,0.01586070634868437500,8.0240069843580400000
28.1,lift_area,0.7154202465624160000,0.02864987416614487500,15.6978399719534910000
28.1,moment_volume,-0.026179953567554500,0.0455376622630455000,20.631531528442189500
28.2,drag_area,0.5272496161430400000,0.01600215582195000000,8.0940079248362400000
28.2,lift_area,0.7166431952716960000,0.02888093796643800000,15.8170761892568960000
28.2,moment_volume,-0.026604091377352000,0.0459053727198480000,20.789569421745912000
28.3,drag_area,0.5294691195062150000,0.01614454436618437500,8.1644696568715400000
28.3,lift_area,0.7178528410363160000,0.02911336871034487500,15.9369673928973910000
28.3,moment_volume,-0.027026471024354500,0.0462751893535455000,20.948464481532989500
28.4,drag_area,0.5316895704934400000,0.01628787593520000000,8.2353941453286400000
28.4,lift_area,0.7190491455266560000,0.02934717143356800000,16.0575159021538560000
28.4,moment_volume,-0.027447085151872000,0.0466471196801280000,21.108219655516032000
28.5,drag_area,0.5339109418218750000,0.01643215449023437500,8.3067833589000000000
28.5,lift_area,0.7202320709350000000,0.02958235117804687500,16.1787240403568750000
28.5,moment_volume,-0.027865926571562500,0.0470211712284375000,21.268837896218437500
28.6,drag_area,0.5361332064046400000,0.01657738399995000000,8.3786392701058400000
28.6,lift_area,0.7214015799755360000,0.02981891299195800000,16.3005941348887360000
28.6,moment_volume,-0.028282988263432000,0.0473973515401680000,21.430322160974392000
28.7,drag_area,0.5383563373508150000,0.01672356844043437500,8.4509638552941400000
28.7,lift_area,0.7225576358843560000,0.03005686192971487500,16.4231285171834310000
28.7,moment_volume,-0.028698263375834500,0.0477756681698655000,21.592675411928869500
28.8,drag_area,0.5405803079654400000,0.01687071179520000000,8.5237590946406400000
28.8,lift_area,0.7237002024194560000,0.03029620305196800000,16.5463295227266560000
28.8,moment_volume,-0.029111745225472000,0.0481561286849280000,21.755900616037632000
28.9,drag_area,0.5428050917495150000,0.01701881805518437500,8.5970269721488400000
28.9,lift_area,0.7248292438607360000,0.03053694142560487500,16.6701994910558110000
28.9,moment_volume,-0.029523427297394500,0.0485387406656055000,21.920000745067229500
29,drag_area,0.545030662400000,0.0171678912187500,8.670769475650000
29,lift_area,0.725944725010000,0.0307790821237500,16.794740765760000
29,moment_volume,-0.02993330324500,0.048923511705000,22.08497877559500
29.1,drag_area,0.5472569938098150000,0.01731793529168437500,8.7449885968031400000
29.1,lift_area,0.7270466111909560000,0.03102263022576487500,16.9199556944800310000
29.1,moment_volume,-0.030341366890034500,0.0493104494090655000,22.250837689009069500
29.2,drag_area,0.5494840600678400000,0.01746895428720000000,8.8196863310950400000
29.2,lift_area,0.7281348682492160000,0.03126759081724800000,17.0458466289084160000
29.2,moment_volume,-0.030747612222592000,0.0496995613966080000,22.417580471508352000
29.3,drag_area,0.5517118354589150000,0.01762095222593437500,8.8948646778402400000
29.3,lift_area,0.7292094625522960000,0.03151396899003487500,17.1724159247893710000
29.3,moment_volume,-0.031152033401114500,0.0500908552992855000,22.585210114102549500
29.4,drag_area,0.5539402944638400000,0.01777393313595000000,8.9705256401810400000
29.4,lift_area,0.7302703609896160000,0.03176176984219800000,17.2996659419188160000
29.4,moment_volume,-0.031554624752392000,0.0504843387616080000,22.753729612612152000
29.5,drag_area,0.5561694117593750000,0.01792790105273437500,9.0466712250875000000
29.5,lift_area,0.7313175309725000000,0.03201099847804687500,17.4275990441443750000
29.5,moment_volume,-0.031955380771562500,0.0508800194409375000,22.923141967668437500
29.6,drag_area,0.5583991622182400000,0.01808286001920000000,9.1233034433574400000
29.6,lift_area,0.7323509404341760000,0.03226166000812800000,17.5562175993653760000
29.6,moment_volume,-0.032354296122112000,0.0512779050074880000,23.093450184713472000
29.7,drag_area,0.5606295209091150000,0.01823881408568437500,9.2004243096164400000
29.7,lift_area,0.7333705578297760000,0.03251375954922487500,17.6855239795328510000
29.7,moment_volume,-0.032751365635874500,0.0516780031443255000,23.264657274000109500
29.8,drag_area,0.5628604630966400000,0.01839576730995000000,9.2780358423178400000
29.8,lift_area,0.7343763521363360000,0.03276730222435800000,17.8155205606495360000
29.8,moment_volume,-0.033146584313032000,0.0520803215473680000,23.436766250591992000
29.9,drag_area,0.5650919642414150000,0.01855372375718437500,9.3561400637427400000
29.9,lift_area,0.7353682928527960000,0.03302229316278487500,17.9462097227698710000
29.9,moment_volume,-0.033539947322114500,0.0524848679253855000,23.609780134363549500
30,drag_area,0.567324000000000,0.0187126875000000,9.434739000000000
30,lift_area,0.736346350000000,0.0332787375000000,18.077593850000000
30,moment_volume,-0.03393145000000,0.052891650000000,23.78370195000000
30.1,drag_area,0.5695565462249150000,0.01887266261843437500,9.5138346810262400000
30.1,lift_area,0.7373104941206960000,0.03353664037773487500,18.2096753304977710000
30.1,moment_volume,-0.034321087851914500,0.0533006755056855000,23.958534726997349500
30.2,drag_area,0.5717895789646400000,0.01903365319995000000,9.5934291405858400000
30.2,lift_area,0.7382606962795360000,0.03379600694395800000,18.3424565564727360000
30.2,moment_volume,-0.034708856551432000,0.0537119521897680000,24.134281499662392000
30.3,drag_area,0.5740230744636150000,0.01919566333943437500,9.6735244162709400000
30.3,lift_area,0.7391969280630760000,0.03405684235287487500,18.4759399241861510000
30.3,moment_volume,-0.035094751940474500,0.0541254878124255000,24.310945307112709500
30.4,drag_area,0.5762570091622400000,0.01935869713920000000,9.7541225495014400000
30.4,lift_area,0.7401191615797760000,0.03431915176492800000,18.6101278339509760000
30.4,moment_volume,-0.035478770029312000,0.0545412901466880000,24.488529193276672000
30.5,drag_area,0.5784913596968750000,0.01952275870898437500,9.8352255855250000000
30.5,lift_area,0.7410273694600000000,0.03458294034679687500,18.7450226901318750000
30.5,moment_volume,-0.035860906996562500,0.0549593669784375000,24.667036206893437500
30.6,drag_area,0.5807261028998400000,0.01968785216595000000,9.9168355734170400000
30.6,lift_area,0.7419215248560160000,0.03484821327139800000,18.8806269011452160000
30.6,moment_volume,-0.036241159189192000,0.0553797261064080000,24.846469401512952000
30.7,drag_area,0.5829612157994150000,0.01985398163468437500,9.9989545660807400000
30.7,lift_area,0.7428016014419960000,0.03511497571788487500,19.0169428794590710000
30.7,moment_volume,-0.036619523122514500,0.0558023753421855000,25.026831835495949500
30.8,drag_area,0.5851966756198400000,0.02002115124720000000,10.0815846202470400000
30.8,lift_area,0.7436675734140160000,0.03538323287164800000,19.1539730415932160000
30.8,moment_volume,-0.036995995480192000,0.0562273225102080000,25.208126572013952000
30.9,drag_area,0.5874324597813150000,0.02018936514293437500,10.1647277964746400000
30.9,lift_area,0.7445194154900560000,0.03565298992431487500,19.2917198081191310000
30.9,moment_volume,-0.037370573114234500,0.0566545754477655000,25.390356679049269500
31,drag_area,0.589668545900000,0.0203586274687500,10.248386159150000
31,lift_area,0.745357102910000,0.0359242520737500,19.430185603660000
31,moment_volume,-0.03774325304500,0.057084142005000,25.57352522939500
31.1,drag_area,0.5919049117880150000,0.02052894237893437500,10.3325617764873400000
31.1,lift_area,0.7461806114356360000,0.03619702452405487500,19.5693728568907110000
31.1,moment_volume,-0.038114032461194500,0.0575160300449055000,25.757635300655029500
31.2,drag_area,0.5941415354534400000,0.02070031403520000000,10.4172567205286400000
31.2,lift_area,0.7469899173506560000,0.03647131248556800000,19.7092840005378560000
31.2,moment_volume,-0.038482908719872000,0.0579502474433280000,25.942689975244032000
31.3,drag_area,0.5963783951003150000,0.02087274660668437500,10.5024730671436400000
31.3,lift_area,0.7477849974606560000,0.03674712117486487500,19.8499214713797310000
31.3,moment_volume,-0.038849879346434500,0.0583868020889655000,26.128692340387469500
31.4,drag_area,0.5986154691286400000,0.02104624426995000000,10.5882128960298400000
31.4,lift_area,0.7485658290931360000,0.03702445581475800000,19.9912877102463360000
31.4,moment_volume,-0.039214942034632000,0.0588257018833680000,26.315645488121592000
31.5,drag_area,0.6008527361343750000,0.02122081120898437500,10.6744782907125000000
31.5,lift_area,0.7493323900975000000,0.03730332163429687500,20.1333851620193750000
31.5,moment_volume,-0.039578094646562500,0.0592669547409375000,26.503552515293437500
31.6,drag_area,0.6030901749094400000,0.02139645161520000000,10.7612713385446400000
31.6,lift_area,0.7500846588450560000,0.03758372386876800000,20.2762162756322560000
31.6,moment_volume,-0.039939335212672000,0.0597105685889280000,26.692416523560832000
31.7,drag_area,0.6053277644417150000,0.02157316968743437500,10.8485941307070400000
31.7,lift_area,0.7508226142290160000,0.03786566775969487500,20.4197835040700910000
31.7,moment_volume,-0.040298661931754500,0.0601565513674455000,26.882240619392389500
31.8,drag_area,0.6075654839150400000,0.02175096963195000000,10.9364487622082400000
31.8,lift_area,0.7515462356644960000,0.03814915855483800000,20.5640893043696960000
31.8,moment_volume,-0.040656073170952000,0.0606049110294480000,27.073027914067512000
31.9,drag_area,0.6098033127092150000,0.02192985566243437500,11.0248373318845400000
31.9,lift_area,0.7522555030885160000,0.03843420150819487500,20.7091361376195910000
31.9,moment_volume,-0.041011567465754500,0.0610556555407455000,27.264781523676389500
32,drag_area,0.612041230400000,0.0221098320000000,11.113761942400000
32,lift_area,0.752950396960000,0.0387208018800000,20.854926468960000
32,moment_volume,-0.04136514352000,0.061508792880000,27.45750456912000
32.1,drag_area,0.6142792167591150000,0.02229090287318437500,11.2032247002464400000
32.1,lift_area,0.7536308982597760000,0.03900896493672487500,21.0014627675828510000
32.1,moment_volume,-0.041716800205874500,0.0619643310387255000,27.651200176110109500
32.2,drag_area,0.6165172517542400000,0.02247307251795000000,11.2932277157434400000
32.2,lift_area,0.7542969884905760000,0.03929869595107800000,21.1487475067317760000
32.2,moment_volume,-0.042066536563912000,0.0624222780212880000,27.845871475169272000
32.3,drag_area,0.6187553155490150000,0.02265634517768437500,11.3837731030383400000
32.3,lift_area,0.7549486496770360000,0.03959000020200487500,21.2967831637021110000
32.3,moment_volume,-0.042414351802994500,0.0628826418449055000,28.041521601630829500
32.4,drag_area,0.6209933885030400000,0.02284072510320000000,11.4748629801062400000
32.4,lift_area,0.7555858643656960000,0.03988288297468800000,21.4455722198408960000
32.4,moment_volume,-0.042760245300352000,0.0633454305396480000,28.238153695638912000
32.5,drag_area,0.6232314511718750000,0.02302621655273437500,11.5664994687500000000
32.5,lift_area,0.7562086156250000000,0.04017734956054687500,21.5951171605468750000
32.5,moment_volume,-0.043104216601562500,0.0638106521484375000,28.435770902148437500
32.6,drag_area,0.6254694843070400000,0.02321282379195000000,11.6586846946002400000
32.6,lift_area,0.7568168870452960000,0.04047340525723800000,21.7454204752704960000
32.6,moment_volume,-0.043446265420552000,0.0642783147270480000,28.634376370925112000
32.7,drag_area,0.6277074688560150000,0.02340055109393437500,11.7514207871153400000
32.7,lift_area,0.7574106627388360000,0.04077105536865487500,21.8964846575139110000
32.7,moment_volume,-0.043786391639594500,0.0647484263441055000,28.833973256545429500
32.8,drag_area,0.6299453859622400000,0.02358940273920000000,11.8447098795814400000
32.8,lift_area,0.7579899273397760000,0.04107030520492800000,22.0483122048309760000
32.8,moment_volume,-0.044124595309312000,0.0652209950810880000,29.034564718396672000
32.9,drag_area,0.6321832169651150000,0.02377938301568437500,11.9385541091124400000
32.9,lift_area,0.7585546660041760000,0.04137116008242487500,22.2009056188272510000
32.9,moment_volume,-0.044460876648674500,0.0656960290323255000,29.236153920676909500
33,drag_area,0.634420943400000,0.0239704962187500,12.032955616650000
33,lift_area,0.759104864410000,0.0416736253237500,22.354267405160000
33,moment_volume,-0.04479523604500,0.066173536305000,29.43874403239500
33.1,drag_area,0.6366585469982150000,0.02416274665118437500,12.1279165469635400000
33.1,lift_area,0.7596405087571160000,0.04197770625774487500,22.5084000735381910000
33.1,moment_volume,-0.045127674053954500,0.0666535250191455000,29.642338227370589500
33.2,drag_area,0.6388960096870400000,0.02435613862320000000,12.2234390486502400000
33.2,lift_area,0.7601615857672960000,0.04228340821948800000,22.6633061377224960000
33.2,moment_volume,-0.045458191399552000,0.0671360033076480000,29.846939684234112000
33.3,drag_area,0.6411333135897150000,0.02455067645243437500,12.3195252741350400000
33.3,lift_area,0.7606680826842160000,0.04259073655029487500,22.8189881155252910000
33.3,moment_volume,-0.045786788974154500,0.0676209793162455000,30.052551586426789500
33.4,drag_area,0.6433704410254400000,0.02474636446395000000,12.4161773796706400000
33.4,lift_area,0.7611599872734560000,0.04289969659771800000,22.9754485288106560000
33.4,moment_volume,-0.046113467838472000,0.0681084612035280000,30.259177122200632000
33.5,drag_area,0.6456073745093750000,0.02494320699023437500,12.5133975253375000000
33.5,lift_area,0.7616372878225000000,0.04321029371554687500,23.1326899034943750000
33.5,moment_volume,-0.046438229221562500,0.0685984571409375000,30.466819484618437500
33.6,drag_area,0.6478440967526400000,0.02514120837120000000,12.6111878750438400000
33.6,lift_area,0.7620999731407360000,0.04352253326380800000,23.2907147695439360000
33.6,moment_volume,-0.046761074520832000,0.0690909753127680000,30.675481871553792000
33.7,drag_area,0.6500805906623150000,0.02534037295418437500,12.7095505965256400000
33.7,lift_area,0.7625480325594560000,0.04383642060876487500,23.4495256609785310000
33.7,moment_volume,-0.047082005302034500,0.0695860239161655000,30.885167485691069500
33.8,drag_area,0.6523168393414400000,0.02554070509395000000,12.8084878613466400000
33.8,lift_area,0.7629814559318560000,0.04415196112291800000,23.6091251158690560000
33.8,moment_volume,-0.047401023299272000,0.0700836111611280000,31.095879534525432000
33.9,drag_area,0.6545528260890150000,0.02574220915268437500,12.9080018448983400000
33.9,lift_area,0.7634002336330360000,0.04446916018500487500,23.7695156763381110000
33.9,moment_volume,-0.047718130414994500,0.0705837452705055000,31.307621230362829500
34,drag_area,0.656788534400000,0.0259448895000000,13.008094726400000
34,lift_area,0.763804356560000,0.0447880231800000,23.930699888560000
34,moment_volume,-0.04803332872000,0.071086434480000,31.52039579032000
34.1,drag_area,0.6590239479653150000,0.02614875051293437500,13.1087686888986400000
34.1,lift_area,0.7641938161316560000,0.04510855549911487500,24.0926803027607310000
34.1,moment_volume,-0.048346620453434500,0.0715916870381655000,31.734206436324469500
34.2,drag_area,0.6612590506718400000,0.02635379657595000000,13.2100259192690400000
34.2,lift_area,0.7645686042888160000,0.04543076253979800000,24.2554594732180160000
34.2,moment_volume,-0.048658008022792000,0.0720995112064080000,31.949056395114552000
34.3,drag_area,0.6634938266024150000,0.02656003208093437500,13.3118686082137400000
34.3,lift_area,0.7649287134941960000,0.04575464970573487500,24.4190399582612710000
34.3,moment_volume,-0.048967494003914500,0.0726099152589855000,32.164948898239349500
34.4,drag_area,0.6657282600358400000,0.02676746142720000000,13.4142989502630400000
34.4,lift_area,0.7652741367324160000,0.04608022240684800000,24.5834243202716160000
34.4,moment_volume,-0.049275081140992000,0.0731229074830080000,32.381887182058752000
34.5,drag_area,0.6679623354468750000,0.02697608902148437500,13.5173191437750000000
34.5,lift_area,0.7656048675100000000,0.04640748605929687500,24.7486151256818750000
34.5,moment_volume,-0.049580772346562500,0.0736384961784375000,32.599874487743437500
34.6,drag_area,0.6701960375062400000,0.02718591927795000000,13.6209313909354400000
34.6,lift_area,0.7659208998553760000,0.04673644608547800000,24.9146149449765760000
34.6,moment_volume,-0.049884570701512000,0.0741566896580880000,32.818914061274872000
34.7,drag_area,0.6724293510806150000,0.02739695661818437500,13.7251378977579400000
34.7,lift_area,0.7662222283188760000,0.04706710791402487500,25.0814263526919510000
34.7,moment_volume,-0.050186479455074500,0.0746774962476255000,33.039009153445309500
34.8,drag_area,0.6746622612326400000,0.02760920547120000000,13.8299408740838400000
34.8,lift_area,0.7665088479727360000,0.04739947697980800000,25.2490519274159360000
34.8,moment_volume,-0.050486502024832000,0.0752009242855680000,33.260163019857792000
34.9,drag_area,0.6768947532209150000,0.02782267027343437500,13.9353425335822400000
34.9,lift_area,0.7667807544110960000,0.04773355872393487500,25.4174942517881710000
34.9,moment_volume,-0.050784641996714500,0.0757269821232855000,33.482378920926149500
35,drag_area,0.679126812500000,0.0280373554687500,14.041345093750000
35,lift_area,0.767037943750000,0.0480693585937500,25.586755912500000
35,moment_volume,-0.05108090312500,0.076255678125000,33.70566012187500
35.1,drag_area,0.6813584247204150000,0.02825326550843437500,14.1479507759117400000
35.1,lift_area,0.7672804126273960000,0.04840688204283487500,25.7568395002944710000
35.1,moment_volume,-0.051375289332314500,0.0767870206677855000,33.930009892739749500
35.2,drag_area,0.6835895757286400000,0.02847040485120000000,14.2551618052198400000
35.2,lift_area,0.7675081582031360000,0.04874613453100800000,25.9277476099663360000
35.2,moment_volume,-0.051667804709632000,0.0773210181415680000,34.155431508366592000
35.3,drag_area,0.6858202515671150000,0.02868877796318437500,14.3629804106544400000
35.3,lift_area,0.7677211781589760000,0.04908712152432487500,26.0994828403620510000
35.3,moment_volume,-0.051958453516274500,0.0778576789491255000,34.381928248412509500
35.4,drag_area,0.6880504384742400000,0.02890838931795000000,14.4714088250234400000
35.4,lift_area,0.7679194706985760000,0.04942984849507800000,26.2720477943797760000
35.4,moment_volume,-0.052247240179912000,0.0783970115060880000,34.609503397345272000
35.5,drag_area,0.6902801228843750000,0.02912924339648437500,14.5804492849625000000
35.5,lift_area,0.7681030345475000000,0.04977432092179687500,26.4454450789693750000
35.5,moment_volume,-0.052534169296562500,0.0789390242409375000,34.838160244443437500
35.6,drag_area,0.6925092914278400000,0.02935134468720000000,14.6901040309350400000
35.6,lift_area,0.7682718689532160000,0.05012054428924800000,26.6196773051324160000
35.6,moment_volume,-0.052819245630592000,0.0794837255950080000,35.067902083796352000
35.7,drag_area,0.6947379309309150000,0.02957469768593437500,14.8003753072322400000
35.7,lift_area,0.7684259736850960000,0.05046852408843487500,26.7947470879221710000
35.7,moment_volume,-0.053102474114714500,0.0800311240224855000,35.298732214304149500
35.8,drag_area,0.6969660284158400000,0.02979930689595000000,14.9112653619730400000
35.8,lift_area,0.7685653490344160000,0.05081826581659800000,26.9706570464436160000
35.8,moment_volume,-0.053383859849992000,0.0805812279904080000,35.530653939677752000
35.9,drag_area,0.6991935711008150000,0.03002517682793437500,15.0227764471041400000
35.9,lift_area,0.7686899958143560000,0.05116977497721487500,27.1474098038534310000
35.9,moment_volume,-0.053663408105834500,0.0811340459786655000,35.763670568438869500
36,drag_area,0.701420546400000,0.0302523120000000,15.134910818400000
36,lift_area,0.768799915360000,0.0515230570800000,27.325007987360000
36,moment_volume,-0.05394112432000,0.081689586480000,35.99778541392000
36.1,drag_area,0.7036469419235150000,0.03048071693768437500,15.2476707354628400000
36.1,lift_area,0.7688951095283360000,0.05187811764090487500,27.5034542282234110000
36.1,moment_volume,-0.054217014098594500,0.0822478580000055000,36.233001794264429500
36.2,drag_area,0.7058727454774400000,0.03071039617395000000,15.3610584617226400000
36.2,lift_area,0.7689755806982560000,0.05223496218211800000,27.6827511617554560000
36.2,moment_volume,-0.054491083216072000,0.0828088690571280000,36.469323032426232000
36.3,drag_area,0.7080979450638150000,0.03094135424918437500,15.4750762644371400000
36.3,lift_area,0.7690413317705560000,0.05259359623206487500,27.8629014273196310000
36.3,moment_volume,-0.054763337615234500,0.0833726281826655000,36.706752456170269500
36.4,drag_area,0.7103225288806400000,0.03117359571120000000,15.5897264146918400000
36.4,lift_area,0.7690923661679360000,0.05295402532540800000,28.0439076683311360000
36.4,moment_volume,-0.055033783407232000,0.0839391439207680000,36.945293398072192000
36.5,drag_area,0.7125464853218750000,0.03140712511523437500,15.7050111874000000000
36.5,lift_area,0.7691286878350000000,0.05331625500304687500,28.2257725322568750000
36.5,moment_volume,-0.055302426871562500,0.0845084248284375000,37.184949195518437500
36.6,drag_area,0.7147698029774400000,0.03164194702395000000,15.8209328613026400000
36.6,lift_area,0.7691503012382560000,0.05368029081211800000,28.4084986706154560000
36.6,moment_volume,-0.055569274456072000,0.0850804794755280000,37.425723190706232000
36.7,drag_area,0.7169924706332150000,0.03187806600743437500,15.9374937189685400000
36.7,lift_area,0.7691572113661160000,0.05404613830599487500,28.5920887389771910000
36.7,moment_volume,-0.055834332776954500,0.0856553164447455000,37.667618730643589500
36.8,drag_area,0.7192144772710400000,0.03211548664320000000,16.0546960467942400000
36.8,lift_area,0.7691494237288960000,0.05441380304428800000,28.7765453969640960000
36.8,moment_volume,-0.056097608618752000,0.0862329443316480000,37.910639167149312000
36.9,drag_area,0.7214358120687150000,0.03235421351618437500,16.1725421350040400000
36.9,lift_area,0.7691269443588160000,0.05478329059284487500,28.9618713082498910000
36.9,moment_volume,-0.056359108934354500,0.0868133717446455000,38.154787856852989500
37,drag_area,0.723656464400000,0.0325942512187500,16.291034277650000
37,lift_area,0.769089779810000,0.0551546065237500,29.148069140560000
37,moment_volume,-0.05661884084500,0.087396607305000,38.40006816119500
37.1,drag_area,0.7258764238346150000,0.03283560435068437500,16.4101747726119400000
37.1,lift_area,0.7690379371584760000,0.05552775641532487500,29.3351415656715510000
37.1,moment_volume,-0.056876811640274500,0.0879826596468255000,38.646483446426509500
37.2,drag_area,0.7280956801382400000,0.03307827751920000000,16.5299659215974400000
37.2,lift_area,0.7689714240021760000,0.05590274585212800000,29.5230912594133760000
37.2,moment_volume,-0.057133028778112000,0.0885715374170880000,38.894037083609472000
37.3,drag_area,0.7303142232725150000,0.03332227533893437500,16.6504100301418400000
37.3,lift_area,0.7688902484609360000,0.05627958042495487500,29.7119209016660110000
37.3,moment_volume,-0.057387499884794500,0.0891632492756055000,39.142732448616629500
37.4,drag_area,0.7325320433950400000,0.03356760243195000000,16.7715094076082400000
37.4,lift_area,0.7687944191764960000,0.05665826573083800000,29.9016331763616960000
37.4,moment_volume,-0.057640232754952000,0.0897578038950480000,39.392572922131512000
37.5,drag_area,0.7347491308593750000,0.03381426342773437500,16.8932663671875000000
37.5,lift_area,0.7686839453125000000,0.05703880737304687500,30.0922307714843750000
37.5,moment_volume,-0.057891235351562500,0.0903552099609375000,39.643561889648437500
37.6,drag_area,0.7369654762150400000,0.03406226296320000000,17.0156832258982400000
37.6,lift_area,0.7685588365544960000,0.05742121096108800000,30.2837163790696960000
37.6,moment_volume,-0.058140515805952000,0.0909554761716480000,39.895702741472512000
37.7,drag_area,0.7391810702075150000,0.03431160568268437500,17.1387623045868400000
37.7,lift_area,0.7684191031099360000,0.05780548211070487500,30.4760926952050110000
37.7,moment_volume,-0.058388082417794500,0.0915586112384055000,40.148998872719629500
37.8,drag_area,0.7413959037782400000,0.03456229623795000000,17.2625059279274400000
37.8,lift_area,0.7682647557081760000,0.05819162644387800000,30.6693624200293760000
37.8,moment_volume,-0.058633943655112000,0.0921646238852880000,40.403453683316472000
37.9,drag_area,0.7436099680646150000,0.03481433928818437500,17.3869164244219400000
37.9,lift_area,0.7680958056004760000,0.05857964958882487500,30.8635282577335510000
37.9,moment_volume,-0.058878108154274500,0.0927735228492255000,40.659070578000509500
38,drag_area,0.745823254400000,0.0350677395000000,17.511996126400000
38,lift_area,0.767912264560000,0.0589695571800000,31.058592916560000
38,moment_volume,-0.05912058472000,0.093385316880000,40.91585296632000
38.1,drag_area,0.7480357543137150000,0.03532250154743437500,17.6377473700190400000
38.1,lift_area,0.7677141448818160000,0.05936135485809487500,31.2545591088028910000
38.1,moment_volume,-0.059361382325354500,0.0940000147402455000,41.173804262633989500
38.2,drag_area,0.7502474595310400000,0.03557863011195000000,17.7641724952642400000
38.2,lift_area,0.7675014593828960000,0.05975504827003800000,31.4514295508080960000
38.2,moment_volume,-0.059600510111752000,0.0946176252054480000,41.432927886112312000
38.3,drag_area,0.7524583619732150000,0.03583612988243437500,17.8912738459485400000
38.3,lift_area,0.7672742214021160000,0.06015064306899487500,31.6492069629731910000
38.3,moment_volume,-0.059837977388954500,0.0952381570639455000,41.693227260735589500
38.4,drag_area,0.7546684537574400000,0.03609500555520000000,18.0190537697126400000
38.4,lift_area,0.7670324448002560000,0.06054814491436800000,31.8478940697474560000
38.4,moment_volume,-0.060073793635072000,0.0958616191169280000,41.954705815295232000
38.5,drag_area,0.7568777271968750000,0.03635526183398437500,18.1475146180250000000
38.5,lift_area,0.7667761439600000000,0.06094755947179687500,32.0474935996318750000
38.5,moment_volume,-0.060307968496562500,0.0964880201784375000,42.217366983393437500
38.6,drag_area,0.7590861748006400000,0.03661690342995000000,18.2766587461818400000
38.6,lift_area,0.7665053337859360000,0.06134889241315800000,32.2480082851791360000
38.6,moment_volume,-0.060540511788232000,0.0971173690753680000,42.481214203443192000
38.7,drag_area,0.7612937892738150000,0.03687993506168437500,18.4064885133071400000
38.7,lift_area,0.7662200297045560000,0.06175214941656487500,32.4494408629936310000
38.7,moment_volume,-0.060771433493234500,0.0977496746474655000,42.746250918668269500
38.8,drag_area,0.7635005635174400000,0.03714436145520000000,18.5370062823526400000
38.8,lift_area,0.7659202476642560000,0.06215733616636800000,32.6517940737314560000
38.8,moment_volume,-0.061000743763072000,0.0983849457473280000,43.012480577103232000
38.9,drag_area,0.7657064906285150000,0.03741018734393437500,18.6682144200978400000
38.9,lift_area,0.7656060041353360000,0.06256445835315487500,32.8550706621004110000
38.9,moment_volume,-0.061228452917594500,0.0990231912404055000,43.279906631593429500
39,drag_area,0.767911563900000,0.0376774174687500,18.800115297150000
39,lift_area,0.765277316110000,0.0629735216737500,33.059273376860000
39,moment_volume,-0.06145457144500,0.099664420005000,43.54853253979500
39.1,drag_area,0.7701157768208150000,0.03794605657793437500,18.9327112879441400000
39.1,lift_area,0.7649342011023560000,0.06338453183121487500,33.2644049708214310000
39.1,moment_volume,-0.061679110001834500,0.1003086409322655000,43.818361764174869500
39.2,drag_area,0.7723191230758400000,0.03821610942720000000,19.0660047707430400000
39.2,lift_area,0.7645766771484160000,0.06379749453484800000,33.4704682008476160000
39.2,moment_volume,-0.061902079412992000,0.1009558629262080000,44.089397772010752000
39.3,drag_area,0.7745215965459150000,0.03848758077968437500,19.1999981276372400000
39.3,lift_area,0.7642047628060960000,0.06421241550018487500,33.6774658278531710000
39.3,moment_volume,-0.062123490671714500,0.1016060949036855000,44.361644035391149500
39.4,drag_area,0.7767231913078400000,0.03876047540595000000,19.3346937445450400000
39.4,lift_area,0.7638184771552160000,0.06462930044899800000,33.8854006168044160000
39.4,moment_volume,-0.062343354939592000,0.1022593457944080000,44.635104031215352000
39.5,drag_area,0.7789239016343750000,0.03903479808398437500,19.4700940112125000000
39.5,lift_area,0.7634178397975000000,0.06504815510929687500,34.0942753367193750000
39.5,moment_volume,-0.062561683546562500,0.1029156245409375000,44.909781241193437500
39.6,drag_area,0.7811237219942400000,0.03931055359920000000,19.6062013212134400000
39.6,lift_area,0.7630028708565760000,0.06546898521532800000,34.3040927606677760000
39.6,moment_volume,-0.062778487990912000,0.1035749400986880000,45.185679151846272000
39.7,drag_area,0.7833226470521150000,0.03958774674443437500,19.7430180719494400000
39.7,lift_area,0.7625735909779760000,0.06589179650757487500,34.5148556657710510000
39.7,moment_volume,-0.062993779939274500,0.1042373014359255000,45.462801254505509500
39.8,drag_area,0.7855206716686400000,0.03986638231995000000,19.8805466646498400000
39.8,lift_area,0.7621300213291360000,0.06631659473275800000,34.7265668332023360000
39.8,moment_volume,-0.063207571226632000,0.1049027175337680000,45.741151045313592000
39.9,drag_area,0.7877177909004150000,0.04014646513343437500,20.0187895043717400000
39.9,lift_area,0.7616721835993960000,0.06674338564383487500,34.9392290481864710000
39.9,moment_volume,-0.063419873856314500,0.1055711973861855000,46.020732025223749500
40,drag_area,0.789914000000000,0.0404280000000000,20.157749000000000
40,lift_area,0.761200100000000,0.0671721750000000,35.152845100000000
40,moment_volume,-0.06363070000000,0.106242750000000,46.30154770000000
40.1,drag_area,0.7921092944159150000,0.04071099174218437500,20.2974275642472400000
40.1,lift_area,0.7607137932640960000,0.06760296856668487500,35.3674177819711710000
40.1,moment_volume,-0.063840061997714500,0.1069173843948855000,46.583601580217149500
40.2,drag_area,0.7943036697926400000,0.04099544518995000000,20.4378276136538400000
40.2,lift_area,0.7602132866467360000,0.06803577211555800000,35.5829498914799360000
40.2,moment_volume,-0.064047972357832000,0.1075951096033680000,46.866897181260792000
40.3,drag_area,0.7964971219706150000,0.04128136518068437500,20.5789515685879400000
40.3,lift_area,0.7596986039248760000,0.06847059142452487500,35.7994442299579510000
40.3,moment_volume,-0.064254443757074500,0.1082759346708255000,47.151438023327309500
40.4,drag_area,0.7986896469862400000,0.04156875655920000000,20.7208018532454400000
40.4,lift_area,0.7591697693973760000,0.06890743227772800000,36.0169036028885760000
40.4,moment_volume,-0.064459489040512000,0.1089598686554880000,47.437227631423872000
40.5,drag_area,0.8008812410718750000,0.04185762417773437500,20.8633808956500000000
40.5,lift_area,0.7586268078850000000,0.06934630046554687500,36.2353308198068750000
40.5,moment_volume,-0.064663121221562500,0.1096469206284375000,47.724269535368437500
40.6,drag_area,0.8030719006558400000,0.04214797289595000000,21.0066911276530400000
40.6,lift_area,0.7580697447304160000,0.06978720178459800000,36.4547286942996160000
40.6,moment_volume,-0.064865353481992000,0.1103370996736080000,48.012567269789752000
40.7,drag_area,0.8052616223624150000,0.04243980758093437500,21.1507349849337400000
40.7,lift_area,0.7574986057981960000,0.07023014203773487500,36.6751000440052710000
40.7,moment_volume,-0.065066199171914500,0.1110304148877855000,48.302124374127349500
40.8,drag_area,0.8074504030118400000,0.04273313310720000000,21.2955149069990400000
40.8,lift_area,0.7569134174748160000,0.07067512703404800000,36.8964476906140160000
40.8,moment_volume,-0.065265671809792000,0.1117268753806080000,48.592944392631552000
40.9,drag_area,0.8096382396203150000,0.04302795435668437500,21.4410333371836400000
40.9,lift_area,0.7563142066686560000,0.07112216258886487500,37.1187744598677310000
40.9,moment_volume,-0.065463785082434500,0.1124264902745655000,48.885030874363469500
41,drag_area,0.811825129400000,0.0433242762187500,21.587292722650000
41,lift_area,0.755701000810000,0.0715712545237500,37.342083181560000
41,moment_volume,-0.06566055284500,0.113129268705000,49.17838737319500
41.1,drag_area,0.8140110697590150000,0.04362210359018437500,21.7342955143883400000
41.1,lift_area,0.7550738278510360000,0.07202240866650487500,37.5663766895361110000
41.1,moment_volume,-0.065855989120994500,0.1138352198201055000,49.473017447808829500
41.2,drag_area,0.8161960583014400000,0.04392144137520000000,21.8820441672166400000
41.2,lift_area,0.7544327162658560000,0.07247563085116800000,37.7916578216930560000
41.2,moment_volume,-0.066050108102272000,0.1145443527809280000,49.768924661698432000
41.3,drag_area,0.8183800928273150000,0.04422229448543437500,22.0305411397806400000
41.3,lift_area,0.7537776950504560000,0.07293092691801487500,38.0179294199795310000
41.3,moment_volume,-0.066242924149034500,0.1152566767613655000,50.066112583168069500
41.4,drag_area,0.8205631713326400000,0.04452466783995000000,22.1797888945538400000
41.4,lift_area,0.7531087937227360000,0.07338830271355800000,38.2451943303959360000
41.4,moment_volume,-0.066434451789832000,0.1159722009481680000,50.364584785332792000
41.5,drag_area,0.8227452920093750000,0.04482856636523437500,22.3297898978375000000
41.5,lift_area,0.7524260423225000000,0.07384776409054687500,38.4734554029943750000
41.5,moment_volume,-0.066624705721562500,0.1166909345409375000,50.664344846118437500
41.6,drag_area,0.8249264532454400000,0.04513399499520000000,22.4805466197606400000
41.6,lift_area,0.7517294714114560000,0.07430931690796800000,38.7027154918786560000
41.6,moment_volume,-0.066813700809472000,0.1174128867521280000,50.965396348261632000
41.7,drag_area,0.8271066536247150000,0.04544095867118437500,22.6320615342800400000
41.7,lift_area,0.7510191120732160000,0.07477296703104487500,38.9329774552042910000
41.7,moment_volume,-0.067001452087154500,0.1181380668070455000,51.267742879309789500
41.8,drag_area,0.8292858919270400000,0.04574946234195000000,22.7843371191802400000
41.8,lift_area,0.7502949959132960000,0.07523872033123800000,39.1642441551784960000
41.8,moment_volume,-0.067187974756552000,0.1188664839438480000,51.571388031621112000
41.9,drag_area,0.8314641671282150000,0.04605951096368437500,22.9373758560735400000
41.9,lift_area,0.7495571550591160000,0.07570658268624487500,39.3965184580601910000
41.9,moment_volume,-0.067373284187954500,0.1195981474135455000,51.876335402364589500
42,drag_area,0.833641478400000,0.0463711095000000,23.091180230400000
42,lift_area,0.748805622160000,0.0761765599800000,39.629803234160000
42,moment_volume,-0.06755739592000,0.120333066480000,52.18258859352000
42.1,drag_area,0.8358178251101150000,0.04668426292193437500,23.2457527314274400000
42.1,lift_area,0.7480404303871760000,0.07664865810267487500,39.8641013578402510000
42.1,moment_volume,-0.067740325659674500,0.1210712504199255000,52.490151211877909500
42.2,drag_area,0.8379932068222400000,0.04699897620795000000,23.4010958522514400000
42.2,lift_area,0.7472616134337760000,0.07712288295067800000,40.0994157075149760000
42.2,moment_volume,-0.067922089282312000,0.1218127085228880000,52.799026869039672000
42.3,drag_area,0.8401676232960150000,0.04731525434393437500,23.5572120897953400000
42.3,lift_area,0.7464692055148360000,0.07759924042665487500,40.3357491656499110000
42.3,moment_volume,-0.068102702831594500,0.1225574500913055000,53.109219181417429500
42.4,drag_area,0.8423410744870400000,0.04763310232320000000,23.7141039448102400000
42.4,lift_area,0.7456632413672960000,0.07807773643948800000,40.5731046187624960000
42.4,moment_volume,-0.068282182519552000,0.1233054844404480000,53.420731770234112000
42.5,drag_area,0.8445135605468750000,0.04795252514648437500,23.8717739218750000000
42.5,lift_area,0.7448437562500000000,0.07855837690429687500,40.8114849574218750000
42.5,moment_volume,-0.068460544726562500,0.1240568208984375000,53.733568261523437500
42.6,drag_area,0.8466850818230400000,0.04827352782195000000,24.0302245293962400000
42.6,lift_area,0.7440107859436960000,0.07904116774243800000,41.0508930762488960000
42.6,moment_volume,-0.068637806001352000,0.1248114688062480000,54.047732286129912000
42.7,drag_area,0.8488556388590150000,0.04859611536518437500,24.1894582796083400000
42.7,lift_area,0.7431643667510360000,0.07952611488150487500,41.2913318739161110000
42.7,moment_volume,-0.068813983060994500,0.1255694375177055000,54.363227479708829500
42.8,drag_area,0.8510252323942400000,0.04892029279920000000,24.3494776885734400000
42.8,lift_area,0.7423045354965760000,0.08001322425532800000,41.5328042531477760000
42.8,moment_volume,-0.068989092790912000,0.1263307363994880000,54.680057482726272000
42.9,drag_area,0.8531938633641150000,0.04924606515443437500,24.5102852761814400000
42.9,lift_area,0.7414313295267760000,0.08050250180397487500,41.7753131207198510000
42.9,moment_volume,-0.069163152244874500,0.1270953748311255000,54.998225940459109500
43,drag_area,0.855361532900000,0.0495734374687500,24.671883566150000
43,lift_area,0.740544786710000,0.0809939534737500,42.018861387460000
43,moment_volume,-0.06933617864500,0.127863362205000,55.31773650299500
43.1,drag_area,0.8575282423292150000,0.04990241478743437500,24.8342750860245400000
43.1,lift_area,0.7396449454365160000,0.08148758521719487500,42.2634519682475910000
43.1,moment_volume,-0.069508189381754500,0.1286347079263455000,55.638592825232389500
43.2,drag_area,0.8596939931750400000,0.05023300216320000000,24.9974623671782400000
43.2,lift_area,0.7387318446184960000,0.08198340299308800000,42.5090877820136960000
43.2,moment_volume,-0.069679202013952000,0.1294094214132480000,55.960798566880512000
43.3,drag_area,0.8618587871567150000,0.05056520465618437500,25.1614479448120400000
43.3,lift_area,0.7378055236900160000,0.08248141276644487500,42.7557717517410910000
43.3,moment_volume,-0.069849234268754500,0.1301875120966455000,56.284357392459389500
43.4,drag_area,0.8640226261894400000,0.05089902733395000000,25.3262343579546400000
43.4,lift_area,0.7368660226070560000,0.08298162050851800000,43.0035068044642560000
43.4,moment_volume,-0.070018304041672000,0.1309689894203280000,56.609272971299832000
43.5,drag_area,0.8661855123843750000,0.05123447527148437500,25.4918241494625000000
43.5,lift_area,0.7359133818475000000,0.08348403219679687500,43.2522958712693750000
43.5,moment_volume,-0.070186429396562500,0.1317538628409375000,56.935548977543437500
43.6,drag_area,0.8683474480486400000,0.05157155355120000000,25.6582198660198400000
43.6,lift_area,0.7349476424111360000,0.08398865381500800000,43.5021418872943360000
43.6,moment_volume,-0.070353628565632000,0.1325421418279680000,57.263189090142592000
43.7,drag_area,0.8705084356853150000,0.05191026726293437500,25.8254240581386400000
43.7,lift_area,0.7339688458196560000,0.08449549135311487500,43.7530477917287310000
43.7,moment_volume,-0.070519919949434500,0.1333338358637655000,57.592196992860469500
43.8,drag_area,0.8726684779934400000,0.05225062150395000000,25.9934392801586400000
43.8,lift_area,0.7329770341166560000,0.08500455080731800000,44.0050165278138560000
43.8,moment_volume,-0.070685322116872000,0.1341289544435280000,57.922576374271032000
43.9,drag_area,0.8748275778680150000,0.05259262137893437500,26.1622680902473400000
43.9,lift_area,0.7319722498676360000,0.08551583818005487500,44.2580510428427110000
43.9,moment_volume,-0.070849853805194500,0.1349275070753055000,58.254330927759029500
44,drag_area,0.876985738400000,0.0529362720000000,26.331913050400000
44,lift_area,0.730954536160000,0.0860293594800000,44.512154288160000
44,moment_volume,-0.07101353392000,0.135729503280000,58.58746435152000
44.1,drag_area,0.8791429628763150000,0.05328157848668437500,26.5023767264396400000
44.1,lift_area,0.7299239366030560000,0.08654512072206487500,44.7673292191621310000
44.1,moment_volume,-0.071176381535234500,0.1365349525913655000,58.921980348560269500
44.2,drag_area,0.8812992547798400000,0.05362854596595000000,26.6736616880170400000
44.2,lift_area,0.7288804953280160000,0.08706312792739800000,45.0235787952972160000
44.2,moment_volume,-0.071338415893192000,0.1373438645560080000,59.257882626696952000
44.3,drag_area,0.8834546177894150000,0.05397717957218437500,26.8457705086107400000
44.3,lift_area,0.7278242569879960000,0.08758338712338487500,45.2809059800650710000
44.3,moment_volume,-0.071499656404514500,0.1381562487333855000,59.595174898557949500
44.4,drag_area,0.8856090557798400000,0.05432748444720000000,27.0187057655270400000
44.4,lift_area,0.7267552667580160000,0.08810590434364800000,45.5393137410172160000
44.4,moment_volume,-0.071660122648192000,0.1389721146958080000,59.933860881581952000
44.5,drag_area,0.8877625728218750000,0.05467946574023437500,27.1924700399000000000
44.5,lift_area,0.7256735703350000000,0.08863068562804687500,45.7988050497568750000
44.5,moment_volume,-0.071819834371562500,0.1397914720284375000,60.273944298018437500
44.6,drag_area,0.8899151731822400000,0.05503312860795000000,27.3670659166914400000
44.6,lift_area,0.7245792139377760000,0.08915773702267800000,46.0593828819389760000
44.6,moment_volume,-0.071978811490312000,0.1406143303292880000,60.615428874927672000
44.7,drag_area,0.8920668613236150000,0.05538847821443437500,27.5424959846909400000
44.7,lift_area,0.7234722443070760000,0.08968706457987487500,46.3210502172701510000
44.7,moment_volume,-0.072137074088474500,0.1414406992092255000,60.958318344180709500
44.8,drag_area,0.8942176419046400000,0.05574551973120000000,27.7187628365158400000
44.8,lift_area,0.7223527087055360000,0.09021867435820800000,46.5838100395087360000
44.8,moment_volume,-0.072294642418432000,0.1422705882919680000,61.302616442459392000
44.9,drag_area,0.8963675197799150000,0.05610425833718437500,27.8958690686112400000
44.9,lift_area,0.7212206549176960000,0.09075257242248487500,46.8476653364647710000
44.9,moment_volume,-0.072451536900914500,0.1431040072140855000,61.648326911256349500
45,drag_area,0.898516500000000,0.0564646992187500,28.073817281250000
45,lift_area,0.720076131250000,0.0912887648437500,47.112619100000000
45,moment_volume,-0.07260777812500,0.143940965625000,61.99545349687500
45.1,drag_area,0.9006645878114150000,0.05682684756968437500,28.2526100785327400000
45.1,lift_area,0.7189191865307960000,0.09182725769928487500,47.3786743260278710000
45.1,moment_volume,-0.072763386848114500,0.1447814731869855000,62.343999950429549500
45.2,drag_area,0.9028117886566400000,0.05719070859120000000,28.4322500683878400000
45.2,lift_area,0.7177498701103360000,0.09236805707260800000,47.6458340145135360000
45.2,moment_volume,-0.072918383996032000,0.1456255395751680000,62.693970027844992000
45.3,drag_area,0.9049581081741150000,0.05755628749193437500,28.6127398625714400000
45.3,lift_area,0.7165682318607760000,0.09291116905347487500,47.9141011694738510000
45.3,moment_volume,-0.073072790662874500,0.1464731744775255000,63.045367489857109500
45.4,drag_area,0.9071035521982400000,0.05792358948795000000,28.7940820766674400000
45.4,lift_area,0.7153743221761760000,0.09345659973787800000,48.1834787989773760000
45.4,moment_volume,-0.073226628111112000,0.1473243875948880000,63.398196102012472000
45.5,drag_area,0.9092481267593750000,0.05829261980273437500,28.9762793300875000000
45.5,lift_area,0.7141681919725000000,0.09400435522804687500,48.4539699151443750000
45.5,moment_volume,-0.073379917771562500,0.1481791886409375000,63.752459634668437500
45.6,drag_area,0.9113918380838400000,0.05866338366720000000,29.1593342460710400000
45.6,lift_area,0.7129498926876160000,0.09455444163244800000,48.7255775341468160000
45.6,moment_volume,-0.073532681243392000,0.1490375873422080000,64.108161862993152000
45.7,drag_area,0.9135346925939150000,0.05903588631968437500,29.3432494516852400000
45.7,lift_area,0.7117194762812960000,0.09510686506578487500,48.9983046762083710000
45.7,moment_volume,-0.073684940294114500,0.1498995934380855000,64.465306566965549500
45.8,drag_area,0.9156766969078400000,0.05941013300595000000,29.5280275778250400000
45.8,lift_area,0.7104769952352160000,0.09566163164899800000,49.2721543656044160000
45.8,moment_volume,-0.073836716859592000,0.1507652166808080000,64.823897531375352000
45.9,drag_area,0.9178178578398150000,0.05978612897918437500,29.7136712592131400000
45.9,lift_area,0.7092225025529560000,0.09621874750926487500,49.5471296306620310000
45.9,moment_volume,-0.073988033044034500,0.1516344668354655000,65.183938545823069500
46,drag_area,0.919958182400000,0.0601638795000000,29.900183134400000
46,lift_area,0.707956051760000,0.0967782187800000,49.823233503760000
46,moment_volume,-0.07413891112000,0.152507353680000,65.54543340472000
46.1,drag_area,0.9220976777945150000,0.06054338983643437500,30.0875658457638400000
46.1,lift_area,0.7066776969037360000,0.09734005160085487500,50.1004690213288110000
46.1,moment_volume,-0.074289373528394500,0.1533838870052055000,65.908385907288229500
46.2,drag_area,0.9242363514254400000,0.06092466526395000000,30.2758220395106400000
46.2,lift_area,0.7053874925534560000,0.09790425211771800000,50.3788392238506560000
46.2,moment_volume,-0.074439442878472000,0.1542640766147280000,66.272799857560632000
46.3,drag_area,0.9263742108908150000,0.06130771106543437500,30.4649543656741400000
46.3,lift_area,0.7040854938003560000,0.09847082648271487500,50.6583471558594310000
46.3,moment_volume,-0.074589141947834500,0.1551479323250655000,66.638679064380869500
46.4,drag_area,0.9285112639846400000,0.06169253253120000000,30.6549654781158400000
46.4,lift_area,0.7027717562575360000,0.09903978085420800000,50.9389958659407360000
46.4,moment_volume,-0.074738493682432000,0.1560354639655680000,67.006027341403392000
46.5,drag_area,0.9306475186968750000,0.06207913495898437500,30.8458580345250000000
46.5,lift_area,0.7014463360600000000,0.09961112139679687500,51.2207884067318750000
46.5,moment_volume,-0.074887521196562500,0.1569266813784375000,67.374848507093437500
46.6,drag_area,0.9327829832134400000,0.06246752365395000000,31.0376346964186400000
46.6,lift_area,0.7001092898646560000,0.10018485428131800000,51.5037278349218560000
46.6,moment_volume,-0.075036247772872000,0.1578215944187280000,67.745146384727032000
46.7,drag_area,0.9349176659162150000,0.06285770392868437500,31.2302981291415400000
46.7,lift_area,0.6987606748503160000,0.10076098568484487500,51.7878172112513910000
46.7,moment_volume,-0.075184696862354500,0.1587202129543455000,68.116924802390989500
46.8,drag_area,0.9370515753830400000,0.06324968110320000000,31.4238510018662400000
46.8,lift_area,0.6974005487176960000,0.10133952179068800000,52.0730596005128960000
46.8,moment_volume,-0.075332892084352000,0.1596225468660480000,68.490187592982912000
46.9,drag_area,0.9391847203877150000,0.06364346050493437500,31.6182959875930400000
46.9,lift_area,0.6960289696894160000,0.10192046878839487500,52.3594580715504910000
46.9,moment_volume,-0.075480857226554500,0.1605286060474455000,68.864938594211189500
47,drag_area,0.941317109900000,0.0640390474687500,31.813635763150000
47,lift_area,0.694645996510000,0.1025038328737500,52.647015697260000
47,moment_volume,-0.07562861624500,0.161438400405000,69.24118164859500
47.1,drag_area,0.9434487530856150000,0.06443644733693437500,32.0098730091929400000
47.1,lift_area,0.6932516884458760000,0.10308962024877487500,52.9357355545889510000
47.1,moment_volume,-0.075776193264074500,0.1623519398580255000,69.618920603464309500
47.2,drag_area,0.9455796593062400000,0.06483566545920000000,32.2070104102054400000
47.2,lift_area,0.6918461052853760000,0.10367783712172800000,53.2256207245365760000
47.2,moment_volume,-0.075923612576512000,0.1632692343386880000,69.998159310959872000
47.3,drag_area,0.9477098381195150000,0.06523670719268437500,32.4050506544988400000
47.3,lift_area,0.6904293073387360000,0.10426848970710487500,53.5166742921538110000
47.3,moment_volume,-0.076070898643394500,0.1641902937920055000,70.378901628033229500
47.4,drag_area,0.9498392992790400000,0.06563957790195000000,32.6039964342122400000
47.4,lift_area,0.6890013554380960000,0.10486158422563800000,53.8088993465432960000
47.4,moment_volume,-0.076218076094152000,0.1651151281758480000,70.761151416446712000
47.5,drag_area,0.9519680527343750000,0.06604428295898437500,32.8038504453125000000
47.5,lift_area,0.6875623109375000000,0.10545712690429687500,54.1022989808593750000
47.5,moment_volume,-0.076365169726562500,0.1660437474609375000,71.144912542773437500
47.6,drag_area,0.9540961086310400000,0.06645082774320000000,33.0046153875942400000
47.6,lift_area,0.6861122357128960000,0.10605512397628800000,54.3968762923080960000
47.6,moment_volume,-0.076512204506752000,0.1669761616308480000,71.530188878397312000
47.7,drag_area,0.9562234773105150000,0.06685921764143437500,33.2062939646798400000
47.7,lift_area,0.6846511921621360000,0.10665558168105487500,54.6926343821472110000
47.7,moment_volume,-0.076659205569194500,0.1679123806820055000,71.916984299513029500
47.8,drag_area,0.9583501693102400000,0.06726945804795000000,33.4088888840194400000
47.8,lift_area,0.6831792432049760000,0.10725850626427800000,54.9895763556861760000
47.8,moment_volume,-0.076806198216712000,0.1688524146236880000,72.305302687126072000
47.9,drag_area,0.9604761953636150000,0.06768155436443437500,33.6124028568909400000
47.9,lift_area,0.6816964522830760000,0.10786390397787487500,55.2877053222861510000
47.9,moment_volume,-0.076953207920474500,0.1697962734780255000,72.695147927052709500
48,drag_area,0.962601566400000,0.0680955120000000,33.816838598400000
48,lift_area,0.680202883360000,0.1084717810800000,55.587024395360000
48,moment_volume,-0.07710026032000,0.170743967280000,73.08652390992000
48.1,drag_area,0.9647262935447150000,0.06851133637118437500,34.0221988274800400000
48.1,lift_area,0.6786986009212160000,0.10908214383504487500,55.8875366923722910000
48.1,moment_volume,-0.077247381223154500,0.1716955060774455000,73.479434531165789500
48.2,drag_area,0.9668503881190400000,0.06892903290195000000,34.2284862668922400000
48.2,lift_area,0.6771836699740960000,0.10969499851363800000,56.1892453348392960000
48.2,moment_volume,-0.077394596606152000,0.1726508999310480000,73.873883691038712000
48.3,drag_area,0.9689738616402150000,0.06934860702368437500,34.4357036432255400000
48.3,lift_area,0.6756581560479160000,0.11031035139264487500,56.4921534483289910000
48.3,moment_volume,-0.077541932613554500,0.1736101589143455000,74.269875294598189500
48.4,drag_area,0.9710967258214400000,0.06977006417520000000,34.6438536868966400000
48.4,lift_area,0.6741221251938560000,0.11092820875516800000,56.7962641624610560000
48.4,moment_volume,-0.077689415558272000,0.1745732931137280000,74.667413251714432000
48.5,drag_area,0.9732189925718750000,0.07019340980273437500,34.8529391321500000000
48.5,lift_area,0.6725756439850000000,0.11154857689054687500,57.1015806109068750000
48.5,moment_volume,-0.077837071921562500,0.1755403126284375000,75.066501477068437500
48.6,drag_area,0.9753406739966400000,0.07061864935995000000,35.0629627170578400000
48.6,lift_area,0.6710187795163360000,0.11217146209435800000,57.4081059313895360000
48.6,moment_volume,-0.077984928353032000,0.1765112275705680000,75.467143890151992000
48.7,drag_area,0.9774617823968150000,0.07104578830793437500,35.2739271835201400000
48.7,lift_area,0.6694515994047560000,0.11279687066841487500,57.7158432656838310000
48.7,moment_volume,-0.078133011670634500,0.1774860480650655000,75.869344415267669500
48.8,drag_area,0.9795823302694400000,0.07147483211520000000,35.4858352772646400000
48.8,lift_area,0.6678741717890560000,0.11342480892076800000,58.0247957596162560000
48.8,moment_volume,-0.078281348860672000,0.1784647842497280000,76.273106981528832000
48.9,drag_area,0.9817023303075150000,0.07190578625768437500,35.6986897478468400000
48.9,lift_area,0.6662865653299360000,0.11405528316570487500,58.3349665630650110000
48.9,moment_volume,-0.078429967077794500,0.1794474462752055000,76.678435522859629500
49,drag_area,0.983821795400000,0.0723386562187500,35.912493348650000
49,lift_area,0.664688849210000,0.1146882997237500,58.646358829960000
49,moment_volume,-0.07857889364500,0.180434044305000,77.08533397799500
49.1,drag_area,0.9859407386318150000,0.07277344748918437500,36.1272488368851400000
49.1,lift_area,0.6630810931337560000,0.11532386492166487500,58.9589757182828310000
49.1,moment_volume,-0.078728156053634500,0.1814245885154655000,77.493806290480669500
49.2,drag_area,0.9880591732838400000,0.07321016556720000000,36.3429589735910400000
49.2,lift_area,0.6614633673276160000,0.11596198509244800000,59.2728203900668160000
49.2,moment_volume,-0.078877781963392000,0.1824190890958080000,77.903856408673152000
49.3,drag_area,0.9901771128329150000,0.07364881595843437500,36.5596265236342400000
49.3,lift_area,0.6598357425398960000,0.11660266657533487500,59.5878960113969710000
49.3,moment_volume,-0.079027799202314500,0.1834175562480855000,78.315488285739749500
49.4,drag_area,0.9922945709518400000,0.07408940417595000000,36.7772542557090400000
49.4,lift_area,0.6581982900408160000,0.11724591571579800000,59.9042057524100160000
49.4,moment_volume,-0.079178235766792000,0.1844200001872080000,78.728705879658552000
49.5,drag_area,0.9944115615093750000,0.07453193574023437500,36.9958449423375000000
49.5,lift_area,0.6565510816225000000,0.11789173886554687500,60.2217527872943750000
49.5,moment_volume,-0.079329119821562500,0.1854264311409375000,79.143513153218437500
49.6,drag_area,0.9965280985702400000,0.07497641617920000000,37.2154013598694400000
49.6,lift_area,0.6548941895989760000,0.11854014238252800000,60.5405402942901760000
49.6,moment_volume,-0.079480479699712000,0.1864368593498880000,79.559914074019072000
49.7,drag_area,0.9986441963951150000,0.07542285102818437500,37.4359262884824400000
49.7,lift_area,0.6532276868061760000,0.11919113263092487500,60.8605714556892510000
49.7,moment_volume,-0.079632343902674500,0.1874512950675255000,79.977912614470909500
49.8,drag_area,1.0007598694406400000,0.07587124582995000000,37.6574225121818400000
49.8,lift_area,0.6515516466019360000,0.11984471598115800000,61.1818494578351360000
49.8,moment_volume,-0.079784741100232000,0.1884697485601680000,80.397512751795192000
49.9,drag_area,1.0028751323594150000,0.07632160613468437500,37.8798928188007400000
49.9,lift_area,0.6498661428659960000,0.12050089880988487500,61.5043774911230710000
49.9,moment_volume,-0.079937700130514500,0.1894922301069855000,80.818718468023949500
50,drag_area,1.004990000000000,0.0767739375000000,38.103340000000000
50,lift_area,0.648171250000000,0.1211596875000000,61.828158750000000
50,moment_volume,-0.08009125000000,0.190518750000000,81.24153375000000
